stage,id,bytes,strategy,rounds,decode_ns,lifecycle_ns,bytes_per_second,paired_percent,ci95_low,ci95_high,allocations,allocated_bytes
exploratory,200M-25912202,593177,baseline,11,591051.9090909091,718477.2727272727,1003595438.7024306,0.0,0.0,0.0,10881,5044096
exploratory,200M-25912202,593177,manual,11,602843.7272727273,732285.8181818182,983964787.4973176,1.9966046296441922,1.5389673083776128,2.4542419509107716,10881,5044096
exploratory,200M-25912202,593177,count,11,628760.9090909091,762535.4545454546,943406295.4989395,6.38360324826014,5.810262240023937,6.956944256496343,9826,1641720
exploratory,200M-25912202,593177,estimate,11,608919.4545454546,760713.0909090909,974146901.6502256,3.025384638615236,2.641441009830367,3.409328267400105,11273,3724832
exploratory,200M-25912202,593177,hybrid256,11,615956.7272727273,743158.5454545454,963017325.3020725,4.216233834068912,3.8083859534488447,4.6240817146889786,10282,2654472
exploratory,200M-25912202,593177,bounded,11,611714.2727272727,750770.4545454546,969696190.6011676,3.4985954293845887,2.981880419007994,4.015310439761183,11344,4200504
exploratory,200M-25912202,593177,native,11,592167.6363636364,725911.3636363636,1001704523.47339,0.19390283869724836,-0.5978376130990745,0.9856432904935711,10881,5044096
exploratory,200M-25912202,593177,u256,11,596346.0909090909,733108.3636363636,994685819.2626703,0.8995910073626343,0.16042839886286608,1.6387536158624025,10881,5044096
exploratory,200M-25912202,593177,integers,11,596513.2727272727,733097.8181818182,994407043.5985117,0.9276467595198068,0.27133912639483215,1.5839543926447814,10881,5044096
exploratory,200M-25912202,593177,count_int,11,621114.2727272727,754810.6363636364,955020720.0929357,5.0906624281983115,4.252343432685884,5.928981423710739,9826,1641720
exploratory,200M-25912202,593177,estimate_int,11,597421.8181818182,753338.0,992894772.081246,1.0801975054644803,0.7126065156808297,1.447788495248131,11273,3724832
exploratory,200M-25912202,593177,hybrid_int,11,609058.0909090909,739476.6363636364,973925162.2363533,3.049520063738061,2.5548947202912218,3.5441454071849,10282,2654472
exploratory,200M-25912203,592785,baseline,11,581546.6363636364,711916.0,1019324956.8196907,0.0,0.0,0.0,11065,4994547
exploratory,200M-25912203,592785,manual,11,594592.0,721877.0,996960941.2841074,2.2429322972637493,1.8487311272666338,2.637133467260865,11065,4994547
exploratory,200M-25912203,592785,count,11,620092.0,761214.4545454546,955962986.1375409,6.662546092806644,5.214720229476546,8.110371956136742,10109,1618467
exploratory,200M-25912203,592785,estimate,11,612458.4545454546,767342.6363636364,967877895.3911976,5.349428864463679,3.877357380013066,6.821500348914292,11501,3776315
exploratory,200M-25912203,592785,hybrid256,11,609748.7272727273,737188.0,972179150.9945378,4.885065579994576,3.457138061172012,6.31299309881714,10544,2662027
exploratory,200M-25912203,592785,bounded,11,613178.8181818182,754642.1818181818,966740830.6074736,5.4795274010590855,3.539487074495419,7.419567727622752,11682,4213995
exploratory,200M-25912203,592785,native,11,595401.2727272727,722190.0909090909,995605866.4179727,2.4129368348077076,-0.6985149410191611,5.524388610634576,11065,4994547
exploratory,200M-25912203,592785,u256,11,587405.8181818182,730279.5454545454,1009157522.1962081,1.0343205399614661,-0.12648870675474022,2.1951297866776724,11065,4994547
exploratory,200M-25912203,592785,integers,11,592893.2727272727,722293.8181818182,999817382.432466,1.9583429363542666,0.9149233557466849,3.0017625169618483,11065,4994547
exploratory,200M-25912203,592785,count_int,11,620923.4545454546,755570.7272727273,954682893.133658,6.776499266922728,4.845291051028328,8.707707482817128,10109,1618467
exploratory,200M-25912203,592785,estimate_int,11,599623.4545454546,765818.0909090909,988595418.5187128,3.1119517201919087,2.5261260377261388,3.6977774026576786,11501,3776315
exploratory,200M-25912203,592785,hybrid_int,11,612234.7272727273,747252.4545454546,968231584.3804411,5.294262564002304,3.307364921173545,7.281160206831063,10544,2662027
exploratory,200M-25912204,718592,baseline,11,717851.7272727273,873237.4545454546,1001031233.4694592,0.0,0.0,0.0,13469,5409377
exploratory,200M-25912204,718592,manual,11,720600.8181818182,877549.2727272727,997212300.9978163,0.4117663495971515,-1.2191072749737422,2.042639974168045,13469,5409377
exploratory,200M-25912204,718592,count,11,765983.0,926505.6363636364,938130480.7025744,6.7332186346763425,4.24183119289553,9.224606076457155,12421,2108297
exploratory,200M-25912204,718592,estimate,11,741436.6363636364,927410.9090909091,969188686.8773069,3.320902360308653,1.2070246392421713,5.434780081375134,13977,4313809
exploratory,200M-25912204,718592,hybrid256,11,753168.7272727273,921315.3636363636,954091658.3221241,4.946857851520164,1.727992231547086,8.165723471493243,12912,3434113
exploratory,200M-25912204,718592,bounded,11,747926.4545454546,901531.5454545454,960778958.456173,4.215027882457878,1.14098107005556,7.289074694860197,14073,4583681
exploratory,200M-25912204,718592,native,11,714911.2727272727,873019.2727272727,1005148509.2110604,-0.3774517118395695,-1.9292053653359835,1.1743019416568445,13469,5409377
exploratory,200M-25912204,718592,u256,11,711266.3636363636,872186.1818181818,1010299427.525553,-0.888030455598548,-2.1445862111407066,0.3685252999436105,13469,5409377
exploratory,200M-25912204,718592,integers,11,718588.5454545454,881562.7272727273,1000004807.4040095,0.12829256794407617,-1.132841586397693,1.3894267222858456,13469,5409377
exploratory,200M-25912204,718592,count_int,11,748730.6363636364,917699.0,959747023.9631027,4.334607347734834,2.9206744228014503,5.748540272668217,12421,2108297
exploratory,200M-25912204,718592,estimate_int,11,722891.6363636364,907464.9090909091,994052170.273729,0.733621566519451,-0.7601527174931009,2.2273958505320026,13977,4313809
exploratory,200M-25912204,718592,hybrid_int,11,741722.3636363636,892108.6363636364,968815334.7258334,3.3521276589882656,1.4662038813606608,5.23805143661587,12912,3434113
exploratory,200M-25912205,643689,baseline,11,615930.2727272727,752470.6363636364,1045067970.3561487,0.0,0.0,0.0,11422,5196749
exploratory,200M-25912205,643689,manual,11,631707.4545454546,769635.7272727273,1018966921.1093397,2.5924563664415876,1.0876925404911717,4.097220192392004,11422,5196749
exploratory,200M-25912205,643689,count,11,657003.7272727273,804503.2727272727,979734167.8288528,6.7102959719146975,4.9231509519513175,8.497440991878078,10395,1693869
exploratory,200M-25912205,643689,estimate,11,644615.9090909091,812716.6363636364,998562075.3725792,4.663759904052803,3.5182997706362586,5.8092200374693475,11903,4033133
exploratory,200M-25912205,643689,hybrid256,11,649515.3636363636,784286.0909090909,991029675.4125348,5.513920436156177,3.6591185699663136,7.36872230234604,10836,2752349
exploratory,200M-25912205,643689,bounded,11,652077.6363636364,791934.6363636364,987135525.134068,5.920352881639519,3.7431771067156223,8.097528656563416,12029,4281797
exploratory,200M-25912205,643689,native,11,627996.5454545454,768208.4545454546,1024988122.4013683,2.0003985970873495,0.5041818793654163,3.496615314809283,11422,5196749
exploratory,200M-25912205,643689,u256,11,634127.0909090909,769307.9090909091,1015078852.8482533,3.035540625314458,-0.9476164361368173,7.018697686765734,11422,5196749
exploratory,200M-25912205,643689,integers,11,630718.0,770424.8181818182,1020565450.8036872,2.4772721475821324,0.0969339036269119,4.857610391537353,11422,5196749
exploratory,200M-25912205,643689,count_int,11,652907.7272727273,803786.6363636364,985880505.1806707,6.047571582604694,3.9832202033975586,8.111922961811828,10395,1693869
exploratory,200M-25912205,643689,estimate_int,11,636262.9090909091,790013.1818181818,1011671418.8474405,3.3474558260062364,1.4115343345396951,5.283377317472778,11903,4033133
exploratory,200M-25912205,643689,hybrid_int,11,644587.5454545454,780289.1818181818,998606014.8681406,4.6651544988706,3.0660263773358474,6.264282620405353,10836,2752349
exploratory,200M-25912206,603475,baseline,11,601969.0,733153.4545454546,1002501789.9592836,0.0,0.0,0.0,11380,5039376
exploratory,200M-25912206,603475,manual,11,612761.6363636364,746567.6363636364,984844618.5065585,1.8007683724050008,1.0200729936068011,2.5814637512032004,11380,5039376
exploratory,200M-25912206,603475,count,11,637775.7272727273,779469.7272727273,946218198.9593663,5.953228214157374,5.194410425711504,6.712046002603244,10331,1638000
exploratory,200M-25912206,603475,estimate,11,627821.2727272727,785341.4545454546,961221013.392057,4.30313385487234,3.4861904725232904,5.120077237221389,11869,3896352
exploratory,200M-25912206,603475,hybrid256,11,629311.3636363636,756715.0,958945022.8785433,4.552978932059984,3.418643803911201,5.6873140602087675,10826,2714672
exploratory,200M-25912206,603475,bounded,11,629180.0,764559.4545454546,959145236.6572365,4.527547717233533,3.475898645572763,5.579196788894303,11895,4298224
exploratory,200M-25912206,603475,native,11,601700.0,732079.3636363636,1002949975.0706332,-0.03747438476463628,-0.8896381578723,0.8146893883430275,11380,5039376
exploratory,200M-25912206,603475,u256,11,604734.7272727273,738439.0,997916892.7863487,0.46246644215535754,-0.09302960877556082,1.0179624930862758,11380,5039376
exploratory,200M-25912206,603475,integers,11,602346.1818181818,734259.4545454546,1001874035.58932,0.07325787620970106,-1.0868409906816907,1.233356743101093,11380,5039376
exploratory,200M-25912206,603475,count_int,11,624947.8181818182,765095.0909090909,965640622.2134036,3.829767682163006,2.907825282375244,4.751710081950768,10331,1638000
exploratory,200M-25912206,603475,estimate_int,11,609473.0,764511.7272727273,990158710.8862903,1.2597022859982159,0.2856616038971771,2.2337429680992544,11869,3896352
exploratory,200M-25912206,603475,hybrid_int,11,617034.6363636364,745457.2727272727,978024513.4316167,2.5075998590456585,1.933990929651275,3.0812087884400423,10826,2714672
exploratory,200M-25912207,595363,baseline,11,558643.4545454546,676705.2727272727,1065729841.0207323,0.0,0.0,0.0,10469,5002219
exploratory,200M-25912207,595363,manual,11,565234.5454545454,685425.2727272727,1053302571.0967934,1.1882350955129521,0.6674140717924131,1.7090561192334912,10469,5002219
exploratory,200M-25912207,595363,count,11,589631.0,724717.0909090909,1009721334.1903665,5.565321653679537,4.383385925196494,6.74725738216258,9517,1550059
exploratory,200M-25912207,595363,estimate,11,568292.5454545454,719012.5454545454,1047634716.9463615,1.7376136634417716,1.033970848132348,2.4412564787511952,10841,3593499
exploratory,200M-25912207,595363,hybrid256,11,578936.9090909091,697976.3636363636,1028372851.430192,3.646762225497965,2.6821293248325304,4.6113951261634,9969,2553027
exploratory,200M-25912207,595363,bounded,11,574598.4545454546,705820.1818181818,1036137489.2157891,2.871346803839718,1.7904810710872516,3.9522125365921843,10997,4115611
exploratory,200M-25912207,595363,native,11,561877.4545454546,681237.3636363636,1059595816.104838,0.5951371958535779,-0.7993046780580918,1.9895790697652478,10469,5002219
exploratory,200M-25912207,595363,u256,11,560033.5454545454,682572.4545454546,1063084532.7609434,0.26252387370146707,-0.5715701057020763,1.0966178531050106,10469,5002219
exploratory,200M-25912207,595363,integers,11,560008.0,684975.0909090909,1063133026.6710476,0.2626694199248991,-0.9103616000284229,1.4357004398782212,10469,5002219
exploratory,200M-25912207,595363,count_int,11,582214.1818181818,713865.3636363636,1022584159.9061639,4.236486332612117,3.162131144907815,5.310841520316418,9517,1550059
exploratory,200M-25912207,595363,estimate_int,11,557058.5454545454,723179.4545454546,1068761990.7422822,-0.2688594816884912,-1.2184338558060812,0.6807148924290987,10841,3593499
exploratory,200M-25912207,595363,hybrid_int,11,574610.9090909091,696372.0,1036115031.1989774,2.8801542473545343,1.2577399023910494,4.502568592318019,9969,2553027
exploratory,200M-25912208,702247,baseline,11,699598.9090909091,862778.8181818182,1003785155.8581359,0.0,0.0,0.0,13452,5517732
exploratory,200M-25912208,702247,manual,11,713101.3636363636,876536.9090909091,984778652.5312288,1.9364688533954597,0.9940647121885889,2.8788729946023306,13452,5517732
exploratory,200M-25912208,702247,count,11,739045.4545454546,913037.6363636364,950208130.8813579,5.648089748727949,4.90824437041471,6.387935127041187,12425,1978372
exploratory,200M-25912208,702247,estimate,11,742922.3636363636,916746.0,945249509.7370996,6.162929972485915,1.273721973589792,11.052137971382038,13896,4401260
exploratory,200M-25912208,702247,hybrid256,11,729670.4545454546,889120.5454545454,962416657.5820342,4.310971107499713,2.5851810228063252,6.0367611921931,12891,3239524
exploratory,200M-25912208,702247,bounded,11,726075.5454545454,896833.0,967181727.0203915,3.800294187761607,2.3021468115672254,5.298441563955989,14145,4709972
exploratory,200M-25912208,702247,native,11,700868.7272727273,870797.4545454546,1001966520.5103899,0.1917270355911655,-0.9892108067902556,1.3726648779725867,13452,5517732
exploratory,200M-25912208,702247,u256,11,713123.1818181818,872568.2727272727,984748522.9824505,1.9246533945057396,0.18537663482415745,3.6639301541873217,13452,5517732
exploratory,200M-25912208,702247,integers,11,701942.0909090909,867016.1818181818,1000434379.2669765,0.3502040729030295,-0.6418790164371244,1.3422871622431833,13452,5517732
exploratory,200M-25912208,702247,count_int,11,725472.6363636364,921703.2727272727,967985510.1357749,3.7140648711035507,2.61153632108263,4.816593421124471,12425,1978372
exploratory,200M-25912208,702247,estimate_int,11,699327.1818181818,887121.4545454546,1004175181.8858621,-0.027870702104274257,-0.7493253774560643,0.6935839732475159,13896,4401260
exploratory,200M-25912208,702247,hybrid_int,11,715157.2727272727,902682.0909090909,981947645.3367537,2.2316427039959397,1.5567093083742414,2.906576099617638,12891,3239524
exploratory,200M-25912209,635819,baseline,11,641201.3636363636,776967.0,991605813.8026417,0.0,0.0,0.0,11764,5112098
exploratory,200M-25912209,635819,manual,11,650576.5454545454,792730.4545454546,977316204.2842559,1.494072692277951,0.22622534070921319,2.761920043846689,11764,5112098
exploratory,200M-25912209,635819,count,11,688025.3636363636,840464.0909090909,924121454.8248023,7.341616315975123,5.352689039848441,9.330543592101805,10665,1722618
exploratory,200M-25912209,635819,estimate,11,675893.6363636364,839507.3636363636,940708664.4886299,5.45096884416147,2.798389243512846,8.103548444810095,12287,4068178
exploratory,200M-25912209,635819,hybrid256,11,684271.1818181818,831417.3636363636,929191549.9211305,6.80944418604661,3.7097966544296925,9.909091717663529,11172,2800050
exploratory,200M-25912209,635819,bounded,11,682723.0,823273.0,931298637.9541923,6.530373812530279,3.858182614968971,9.202565010091586,12486,4403930
exploratory,200M-25912209,635819,native,11,644644.7272727273,784320.0909090909,986309160.8457484,0.5883353672905459,-1.1597268475246252,2.3363975821057172,11764,5112098
exploratory,200M-25912209,635819,u256,11,643980.2727272727,787293.3636363636,987326828.0521863,0.5121776568218277,-1.6887677942966428,2.713123107940298,11764,5112098
exploratory,200M-25912209,635819,integers,11,646576.3636363636,806115.5454545454,983362578.2794411,0.8956357280109248,-2.4688409869361605,4.26011244295801,11764,5112098
exploratory,200M-25912209,635819,count_int,11,686913.6363636364,833096.0,925617088.2934867,7.180449323909423,4.022211548223131,10.338687099595715,10665,1722618
exploratory,200M-25912209,635819,estimate_int,11,655838.3636363636,826926.2727272727,969475156.1568247,2.3439749136396357,-0.08080255786218515,4.768752385141457,12287,4068178
exploratory,200M-25912209,635819,hybrid_int,11,664470.9090909091,810170.9090909091,956880115.1428752,3.673928699610289,1.6863049428124717,5.661552456408106,11172,2800050
exploratory,200M-25912210,613528,baseline,11,579236.7272727273,708382.1818181818,1059200791.511839,0.0,0.0,0.0,10873,4970256
exploratory,200M-25912210,613528,manual,11,586097.1818181818,715967.4545454546,1046802508.2405665,1.1839959073134176,0.877351516402792,1.4906402982240432,10873,4970256
exploratory,200M-25912210,613528,count,11,617960.7272727273,757030.8181818182,992826846.3073852,6.686170203059018,6.200517146853186,7.17182325926485,9893,1629784
exploratory,200M-25912210,613528,estimate,11,600358.9090909091,753480.7272727273,1021935363.5128562,3.6419451659287283,3.208073607245627,4.07581672461183,11290,3786752
exploratory,200M-25912210,613528,hybrid256,11,607919.3636363636,738314.3636363636,1009225954.4589721,4.956637003243885,4.449255640799577,5.464018365688193,10353,2664248
exploratory,200M-25912210,613528,bounded,11,603063.1818181818,739195.4545454546,1017352772.4744657,4.143945791546891,2.2095261676805547,6.078365415413227,11347,4141536
exploratory,200M-25912210,613528,native,11,579577.5454545454,709555.0,1058577932.8611295,0.10199738385674656,-1.9726140236005751,2.1766087913140684,10873,4970256
exploratory,200M-25912210,613528,u256,11,582316.8181818182,711346.1818181818,1053598283.3462259,0.5506728243997783,-0.8860967514351719,1.9874424002347284,10873,4970256
exploratory,200M-25912210,613528,integers,11,582617.1818181818,711742.9090909091,1053055109.1633693,0.6057239060678495,-0.9491606012757124,2.1606084134114116,10873,4970256
exploratory,200M-25912210,613528,count_int,11,612605.1818181818,751354.4545454546,1001506383.2452075,5.7961635089703325,3.7645214789667767,7.827805538973888,9893,1629784
exploratory,200M-25912210,613528,estimate_int,11,594024.9090909091,744169.6363636364,1032832109.5809573,2.5861270506217355,0.2629063568858734,4.909347744357598,11290,3786752
exploratory,200M-25912210,613528,hybrid_int,11,602844.2727272727,730676.5454545454,1017722200.8337145,4.0688065115562155,3.4541764214478023,4.683436601664629,10353,2664248
exploratory,200M-25912211,619844,baseline,11,603247.9090909091,732348.8181818182,1027511228.2346758,0.0,0.0,0.0,11093,5013870
exploratory,200M-25912211,619844,manual,11,612538.8181818182,745666.5454545454,1011926071.6241063,1.550571643329231,0.551659422155776,2.549483864502686,11093,5013870
exploratory,200M-25912211,619844,count,11,635095.0,777224.5454545454,975986269.7706642,5.30922199002731,4.092377541067883,6.526066438986737,10216,1697814
exploratory,200M-25912211,619844,estimate,11,618684.7272727273,774385.2727272727,1001873769.7508439,2.590163356183413,1.340017146246161,3.840309566120665,11648,3853462
exploratory,200M-25912211,619844,hybrid256,11,624520.9090909091,752838.8181818182,992511204.952742,3.5527956035347024,2.2268764093228883,4.878714797746516,10603,2734830
exploratory,200M-25912211,619844,bounded,11,618659.3636363636,757822.3636363636,1001914844.3121806,2.5811165119811608,1.3438788092465972,3.8183542147157246,11660,4178470
exploratory,200M-25912211,619844,native,11,599388.6363636364,735836.0909090909,1034127046.1189622,-0.6074754708612276,-1.8936309437391903,0.6786800020167352,11093,5013870
exploratory,200M-25912211,619844,u256,11,602482.0,736717.0909090909,1028817458.4468913,-0.09912184786049796,-1.2636035526365643,1.0653598569155682,11093,5013870
exploratory,200M-25912211,619844,integers,11,603071.0,739463.1818181818,1027812645.6088918,0.003138208541648096,-1.2968349769960263,1.3031113940793224,11093,5013870
exploratory,200M-25912211,619844,count_int,11,627670.1818181818,769789.9090909091,987531378.6684728,4.073369482343137,3.043638203908019,5.103100760778254,10216,1697814
exploratory,200M-25912211,619844,estimate_int,11,609794.4545454546,764739.0,1016480217.8498596,1.0889276025387342,-0.24346932784842257,2.4213245329258912,11648,3853462
exploratory,200M-25912211,619844,hybrid_int,11,616241.4545454546,749224.0909090909,1005845996.6105375,2.159841650168878,0.9835852435690646,3.3360980567686913,10603,2734830
exploratory,200M-25912212,618805,baseline,11,618782.7272727273,750126.0,1000035994.4230682,0.0,0.0,0.0,12034,5272966
exploratory,200M-25912212,618805,manual,11,636096.5454545454,770899.9090909091,972816161.9834154,2.8209177051498995,1.9244057119075038,3.717429698392295,12034,5272966
exploratory,200M-25912212,618805,count,11,650221.4545454546,794457.9090909091,951683454.4202842,5.119841159353776,3.8179195223574443,6.421762796350107,10896,1666062
exploratory,200M-25912212,618805,estimate,11,648369.9090909091,806312.1818181818,954401170.2634958,4.834627824868904,2.8442442950525013,6.825011354685307,12679,4081438
exploratory,200M-25912212,618805,hybrid256,11,646807.1818181818,777536.0909090909,956707064.167922,4.582896039622904,2.3499068219712154,6.8158852572745925,11444,2775214
exploratory,200M-25912212,618805,bounded,11,646397.0,787085.1818181818,957314158.3268486,4.49906536106397,3.168011113979494,5.830119608148445,12641,4401926
exploratory,200M-25912212,618805,native,11,614874.9090909091,753150.8181818182,1006391691.7912647,-0.5977289637707919,-1.8242214929580567,0.6287635654164729,12034,5272966
exploratory,200M-25912212,618805,u256,11,626687.0909090909,764972.8181818182,987422605.2787254,1.2818710688494221,-0.45255111802476455,3.0162932557236086,12034,5272966
exploratory,200M-25912212,618805,integers,11,617162.8181818182,754993.6363636364,1002660856.697459,-0.2281761955985264,-1.3764381116063635,0.9200857204093107,12034,5272966
exploratory,200M-25912212,618805,count_int,11,644250.8181818182,810999.1818181818,960503242.7376181,4.150037699129344,2.992362409542552,5.307712988716136,10896,1666062
exploratory,200M-25912212,618805,estimate_int,11,632779.8181818182,791601.0,977915196.1230805,2.3072971521266337,0.7799360615901769,3.8346582426630906,12679,4081438
exploratory,200M-25912212,618805,hybrid_int,11,631683.4545454546,763988.4545454546,979612487.1519365,2.129460458302918,0.6321414317222187,3.6267794848836177,11444,2775214
exploratory,200M-25912213,632953,baseline,11,628988.7272727273,755210.4545454546,1006302613.3146482,0.0,0.0,0.0,12114,4108414
exploratory,200M-25912213,632953,manual,11,638645.4545454546,773293.4545454546,991086674.9227768,1.58874418011629,0.024046185217971416,3.1534421750146087,12114,4108414
exploratory,200M-25912213,632953,count,11,662151.2727272727,814330.6363636364,955903924.1788199,5.330623879249644,3.3689798413309244,7.292267917168363,11068,1658342
exploratory,200M-25912213,632953,estimate,11,660705.1818181818,817491.9090909091,957996119.0226917,5.105719488633474,3.0170781325253033,7.194360844741644,12832,4161838
exploratory,200M-25912213,632953,hybrid256,11,658893.4545454546,797192.6363636364,960630274.3387398,4.788813111086916,3.6422375482162455,5.935388673957586,11572,2770102
exploratory,200M-25912213,632953,bounded,11,683347.3636363636,805088.2727272727,926253664.9469237,8.816615368953595,-0.8182016623844497,18.45143240029164,12896,3279950
exploratory,200M-25912213,632953,native,11,633124.4545454546,765075.7272727273,999729192.9821639,0.7062396498973748,-1.153062440857843,2.565541740652592,12114,4108414
exploratory,200M-25912213,632953,u256,11,633326.0,763491.4545454546,999411045.8121094,0.733448429712274,-0.8126960460359641,2.279592905460512,12114,4108414
exploratory,200M-25912213,632953,integers,11,627246.3636363636,763627.8181818182,1009097918.6081734,-0.2016411093032976,-2.3328153100654623,1.9295330914588673,12114,4108414
exploratory,200M-25912213,632953,count_int,11,658347.1818181818,809724.5454545454,961427370.664746,4.712361376205955,2.9274368646286733,6.497285887783237,11068,1658342
exploratory,200M-25912213,632953,estimate_int,11,670631.1818181818,834341.3636363636,943816835.7814342,6.908818032970582,-4.318517659618219,18.13615372555938,12832,4161838
exploratory,200M-25912213,632953,hybrid_int,11,662894.1818181818,814399.8181818182,954832637.4866358,5.562758803091318,-0.47223042172604046,11.597748027908677,11572,2770102
exploratory,200M-25912214,632762,baseline,11,604208.1818181818,737264.9090909091,1047258244.8253087,0.0,0.0,0.0,11983,4209064
exploratory,200M-25912214,632762,manual,11,627071.2727272727,757598.7272727273,1009075088.4631934,3.7882966934155,2.8626800689526046,4.713913317878395,11983,4209064
exploratory,200M-25912214,632762,count,11,649918.7272727273,823239.5454545454,973601734.258801,7.553566336505203,2.467123064015322,12.640009608995085,10846,1617208
exploratory,200M-25912214,632762,estimate,11,671264.7272727273,803976.5454545454,942641515.7710438,11.06906956271755,-2.623729121993314,24.761868247428414,12520,2957696
exploratory,200M-25912214,632762,hybrid256,11,636853.6363636364,762652.2727272727,993575232.7850412,5.409503077949132,4.578915216024647,6.2400909398736175,11368,2722328
exploratory,200M-25912214,632762,bounded,11,633537.8181818182,771109.0,998775419.30481,4.857664250971629,4.172085365108012,5.543243136835246,12633,3270952
exploratory,200M-25912214,632762,native,11,617428.4545454546,751347.9090909091,1024834529.9632065,2.1886128104747145,1.369500751230952,3.007724869718477,11983,4209064
exploratory,200M-25912214,632762,u256,11,622158.0,746856.2727272727,1017043902.0313168,2.9649924750806553,1.5976881218841117,4.332296828277199,11983,4209064
exploratory,200M-25912214,632762,integers,11,614952.3636363636,747853.1818181818,1028961001.5616878,1.7814004083866009,1.3975474160925547,2.1652534006806468,11983,4209064
exploratory,200M-25912214,632762,count_int,11,632938.7272727273,779917.2727272727,999720782.9682206,4.758783356403695,4.167885318019202,5.349681394788188,10846,1617208
exploratory,200M-25912214,632762,estimate_int,11,620959.0909090909,777061.5454545454,1019007546.9764513,2.774855417548272,2.1802099961393244,3.3695008389572196,12520,2957696
exploratory,200M-25912214,632762,hybrid_int,11,634754.0909090909,760770.0909090909,996861633.6032779,5.063964455216084,3.3583025749628694,6.769626335469298,11368,2722328
exploratory,200M-25912215,664421,baseline,11,610943.2727272727,742813.0909090909,1087533048.746082,0.0,0.0,0.0,11833,4056331
exploratory,200M-25912215,664421,manual,11,628657.0,766033.8181818182,1056889527.9938027,2.920358550448685,1.6901753048488994,4.15054179604847,11833,4056331
exploratory,200M-25912215,664421,count,11,643210.2727272727,784229.3636363636,1032976350.3042198,5.283454087905842,4.812427416827909,5.7544807589837745,10656,1639579
exploratory,200M-25912215,664421,estimate,11,635337.5454545454,793923.3636363636,1045776382.5757333,4.016504101831981,2.8185097594024766,5.214498444261486,12444,2956035
exploratory,200M-25912215,664421,hybrid256,11,648495.2727272727,775175.9090909091,1024557969.7223558,6.152127654185315,4.156716845082782,8.147538463287848,11187,2712539
exploratory,200M-25912215,664421,bounded,11,641415.7272727273,786975.3636363636,1035866399.5114217,5.002815503962034,3.423554518706738,6.58207648921733,12448,3229475
exploratory,200M-25912215,664421,native,11,622790.4545454546,754901.2727272727,1066845188.6998326,1.9631856830964134,-0.6095612389205742,4.535932605113401,11833,4056331
exploratory,200M-25912215,664421,u256,11,623704.0909090909,759076.8181818182,1065282414.6648797,2.1143589177471784,0.40885055459505004,3.819867280899307,11833,4056331
exploratory,200M-25912215,664421,integers,11,620348.7272727273,755958.4545454546,1071044351.0072633,1.5369981500287515,0.9326948478139837,2.1413014522435194,11833,4056331
exploratory,200M-25912215,664421,count_int,11,637170.4545454546,775809.3636363636,1042768061.9214923,4.3062370633059714,3.4307420187990108,5.181732107812932,10656,1639579
exploratory,200M-25912215,664421,estimate_int,11,618833.3636363636,776785.9090909091,1073667062.9646665,1.3164211981409308,0.1041239563591232,2.5287184399227387,12444,2956035
exploratory,200M-25912215,664421,hybrid_int,11,628475.2727272727,754941.4545454546,1057195133.734921,2.89540952893172,1.0734089382501413,4.717410119613299,11187,2712539
exploratory,200M-25912216,657888,baseline,11,690453.0,842405.8181818182,952835312.4687705,0.0,0.0,0.0,13245,5346474
exploratory,200M-25912216,657888,manual,11,690959.4545454546,850252.0909090909,952136910.0199801,0.0807289613362052,-0.5305377169893675,0.6919956396617779,13245,5346474
exploratory,200M-25912216,657888,count,11,738282.0909090909,903521.3636363636,891106540.577062,6.93400089639668,6.281341612949971,7.586660179843388,12271,2018098
exploratory,200M-25912216,657888,estimate,11,731264.5454545454,908325.9090909091,899658002.14075,5.9187905621692485,5.179210127650231,6.658370996688266,14165,4303306
exploratory,200M-25912216,657888,hybrid256,11,719128.4545454546,876965.0,914840729.5548285,4.161045954618614,3.4055959711684007,4.916495938068827,12688,3296898
exploratory,200M-25912216,657888,bounded,11,720269.9090909091,876761.7272727273,913390927.0628221,4.317316110995312,3.2730521615842654,5.361580060406359,13761,4490938
exploratory,200M-25912216,657888,native,11,690061.3636363636,841645.5454545454,953376083.1546601,-0.057794752301927724,-0.9750417485032911,0.8594522438994355,13245,5346474
exploratory,200M-25912216,657888,u256,11,686841.1818181818,843294.1818181818,957845885.5050917,-0.5155174608880345,-1.2447162359963961,0.2136813142203271,13245,5346474
exploratory,200M-25912216,657888,integers,11,690664.4545454546,850605.0909090909,952543591.4216467,0.03849268815112807,-0.6458108817572514,0.7227962580595075,13245,5346474
exploratory,200M-25912216,657888,count_int,11,732961.0,893054.6363636364,897575723.6742474,6.165880433336461,4.829440524515892,7.502320342157031,12271,2018098
exploratory,200M-25912216,657888,estimate_int,11,723557.9090909091,894376.7272727273,909240285.7244447,4.800932751369775,3.3255931465481754,6.276272356191374,14165,4303306
exploratory,200M-25912216,657888,hybrid_int,11,715253.4545454546,862742.9090909091,919797025.5426302,3.589655976330053,2.2107245612874005,4.968587391372705,12688,3296898
exploratory,200M-25912217,585424,baseline,11,628570.6363636364,760066.7272727273,931357537.4547477,0.0,0.0,0.0,11504,4947888
exploratory,200M-25912217,585424,manual,11,629578.1818181818,759139.6363636364,929867039.4030058,0.09282623248109832,-2.09507806699251,2.280730531954707,11504,4947888
exploratory,200M-25912217,585424,count,11,661636.5454545454,800336.9090909091,884812067.927434,5.3827083551715145,2.8150833574302006,7.950333352912828,10675,1789768
exploratory,200M-25912217,585424,estimate,11,650957.8181818182,808272.0,899327089.4804522,3.758952138418561,-0.1467009933005161,7.664605270137638,11966,3744288
exploratory,200M-25912217,585424,hybrid256,11,640737.3636363636,767397.5454545454,913672330.0753918,2.1428489085666174,-1.7551376531887848,6.040835470322019,11041,2933832
exploratory,200M-25912217,585424,bounded,11,657579.0,784128.1818181818,890271739.2130831,4.789897872462991,-2.0520143544597564,11.631810099385739,11933,4110176
exploratory,200M-25912217,585424,native,11,610258.5454545454,746074.4545454546,959304878.8263217,-2.7146074213254696,-6.148465979346485,0.7192511366955459,11504,4947888
exploratory,200M-25912217,585424,u256,11,614734.1818181818,759700.0,952320559.5441401,-2.0668891741248974,-4.907035176108992,0.7732568278591971,11504,4947888
exploratory,200M-25912217,585424,integers,11,623958.9090909091,753899.8181818182,938241271.1326562,-0.5719301304192717,-3.97739689491896,2.8335366340804162,11504,4947888
exploratory,200M-25912217,585424,count_int,11,652803.6363636364,797511.0909090909,896784220.2305022,4.074623512487734,0.09347394229119255,8.055773082684276,10675,1789768
exploratory,200M-25912217,585424,estimate_int,11,639869.9090909091,818139.3636363636,914910971.24998,1.870830329851086,-0.1482924569533115,3.8899531166554837,11966,3744288
exploratory,200M-25912217,585424,hybrid_int,11,645514.6363636364,782314.7272727273,906910497.4874874,2.9337668503371113,-1.1861801039388835,7.053713804613106,11041,2933832
exploratory,200M-25912218,716398,baseline,11,682564.8181818182,855722.0909090909,1049567720.0420393,0.0,0.0,0.0,12672,5331419
exploratory,200M-25912218,716398,manual,11,708421.6363636364,844783.5454545454,1011259345.0382271,3.696198521532532,-3.4480755651691877,10.840472608234252,12672,5331419
exploratory,200M-25912218,716398,count,11,727854.1818181818,897680.6363636364,984260333.8630766,6.637465656499277,6.181660150435869,7.093271162562685,11777,2021547
exploratory,200M-25912218,716398,estimate,11,705500.9090909091,887492.5454545454,1015445892.0869892,3.371573972397062,2.701104174304169,4.042043770489956,13270,4224923
exploratory,200M-25912218,716398,hybrid256,11,708471.7272727273,861323.8181818182,1011187846.207759,3.809376847591788,3.2155697653593633,4.403183929824213,12185,3258659
exploratory,200M-25912218,716398,bounded,11,710643.9090909091,864933.2727272727,1008097010.0995474,4.11843339933931,3.0004347060570336,5.236432092621586,13162,4480747
exploratory,200M-25912218,716398,native,11,680153.7272727273,834828.8181818182,1053288354.1969322,-0.3319152822245223,-1.4343267314711736,0.7704961670221289,12672,5331419
exploratory,200M-25912218,716398,u256,11,684218.1818181818,833627.8181818182,1047031515.7312926,0.2209886761676287,-1.6637624727721676,2.105739825107425,12672,5331419
exploratory,200M-25912218,716398,integers,11,688110.9090909091,845440.8181818182,1041108330.8451862,0.8212781327629017,0.28769361853754527,1.3548626469882583,12672,5331419
exploratory,200M-25912218,716398,count_int,11,717683.2727272727,879405.1818181818,998209136.570247,5.147560798332611,4.59331585684829,5.701805739816932,11777,2021547
exploratory,200M-25912218,716398,estimate_int,11,720061.7272727273,879483.5454545454,994911926.1113851,5.368093498653532,-1.9814776467421247,12.717664644049188,13270,4224923
exploratory,200M-25912218,716398,hybrid_int,11,703564.4545454546,857274.6363636364,1018240753.027861,3.0657840417388322,2.2638710566140845,3.86769702686358,12185,3258659
exploratory,200M-25912219,603952,baseline,11,628304.3636363636,763806.8181818182,961241135.5932301,0.0,0.0,0.0,12010,5044683
exploratory,200M-25912219,603952,manual,11,624843.2727272727,771623.5454545454,966565579.4994992,-0.5369765103145251,-1.3643155010010306,0.2903624803719804,12010,5044683
exploratory,200M-25912219,603952,count,11,667658.0,814719.5454545454,904582885.2496338,6.27944337292099,5.305926317004182,7.252960428837797,11093,1834739
exploratory,200M-25912219,603952,estimate,11,656411.0909090909,826605.8181818182,920081955.2935369,4.4820751238096275,3.6817798580465055,5.282370389572749,12553,3927523
exploratory,200M-25912219,603952,hybrid256,11,663815.0909090909,800493.1818181818,909819629.3984387,5.648239458362685,4.500175763674424,6.796303153050946,11533,3012523
exploratory,200M-25912219,603952,bounded,11,655421.3636363636,798888.6363636364,921471336.6210634,4.330326079211248,3.0161307053396005,5.644521453082895,12536,4246475
exploratory,200M-25912219,603952,native,11,620933.2727272727,762453.7272727273,972652016.773578,-1.164929999898747,-2.0716976240940945,-0.2581623757033994,12010,5044683
exploratory,200M-25912219,603952,u256,11,618387.8181818182,757920.6363636364,976655720.3143775,-1.5621825684339574,-2.542723964568814,-0.5816411722991007,12010,5044683
exploratory,200M-25912219,603952,integers,11,621993.2727272727,763809.5454545454,970994424.6693109,-0.9985689282142446,-1.7054985085444334,-0.29163934788405577,12010,5044683
exploratory,200M-25912219,603952,count_int,11,661523.0909090909,806177.3636363636,912971910.277577,5.310745255956701,3.8619380671086923,6.75955244480471,11093,1834739
exploratory,200M-25912219,603952,estimate_int,11,640395.5454545454,824492.9090909091,943092131.5533539,1.9386810020088474,0.8943235027920888,2.983038501225606,12553,3927523
exploratory,200M-25912219,603952,hybrid_int,11,655204.9090909091,787024.4545454546,921775755.3709083,4.300726611616339,0.8706567872652924,7.7307964359673855,11533,3012523
exploratory,200M-25912220,687892,baseline,11,682940.9090909091,838337.1818181818,1007249662.2228731,0.0,0.0,0.0,12572,5384226
exploratory,200M-25912220,687892,manual,11,688084.1818181818,842691.9090909091,999720700.1363206,0.7768983481221449,-0.5510991355845708,2.1048958318288604,12572,5384226
exploratory,200M-25912220,687892,count,11,722510.4545454546,888149.2727272727,952085877.3355277,5.868095871936301,3.454892515693435,8.281299228179167,11603,1936890
exploratory,200M-25912220,687892,estimate,11,744156.8181818182,897132.0,924391180.9888555,9.063402748142718,0.3019643967536503,17.824841099531785,13315,4284186
exploratory,200M-25912220,687892,hybrid256,11,697012.6363636364,850196.5454545454,986914675.7349776,2.1181233600713467,0.4457214071285509,3.7905253130141423,12080,3134690
exploratory,200M-25912220,687892,bounded,11,706784.7272727273,860283.4545454546,973269474.3622591,3.5239473311983103,1.177138843714364,5.870755818682257,13166,4485162
exploratory,200M-25912220,687892,native,11,680375.5454545454,831675.3636363636,1011047508.3880814,-0.35115885953639453,-1.660184094418001,0.9578663753452119,12572,5384226
exploratory,200M-25912220,687892,u256,11,678184.5454545454,834134.5454545454,1014313883.4562328,-0.6504592147385211,-2.2173945207600294,0.916476091282987,12572,5384226
exploratory,200M-25912220,687892,integers,11,699273.6363636364,857709.7272727273,983723630.104485,2.498358763865826,-3.869513210652866,8.866230738384518,12572,5384226
exploratory,200M-25912220,687892,count_int,11,713518.0909090909,875878.6363636364,964084875.7227153,4.50898587157479,2.7829740479859204,6.23499769516366,11603,1936890
exploratory,200M-25912220,687892,estimate_int,11,708190.1818181818,885027.7272727273,971337950.8226604,3.700469589340669,3.0569257365205247,4.344013442160813,13315,4284186
exploratory,200M-25912220,687892,hybrid_int,11,707654.7272727273,857305.8181818182,972072924.109626,3.62647564372214,2.0631022289279493,5.189849058516331,12080,3134690
exploratory,200M-25912221,665182,baseline,11,667093.9090909091,819107.0,997133973.09606,0.0,0.0,0.0,12334,5325475
exploratory,200M-25912221,665182,manual,11,678869.2727272727,834217.0909090909,979838131.9097184,1.7716748831710896,0.36165438022189833,3.181695386120281,12334,5325475
exploratory,200M-25912221,665182,count,11,711294.9090909091,868901.9090909091,935170477.8122973,6.642136665910375,5.224685154126242,8.059588177694508,11289,1841555
exploratory,200M-25912221,665182,estimate,11,701254.7272727273,890114.0,948559737.4679826,5.173437228121054,2.520451112064779,7.82642334417733,12811,4163587
exploratory,200M-25912221,665182,hybrid256,11,698124.2727272727,852064.8181818182,952813168.0645033,4.6858781526958895,3.0479490007526024,6.3238073046391765,11783,3018811
exploratory,200M-25912221,665182,bounded,11,711854.6363636364,868906.2727272727,934435158.5570139,6.783591947101739,4.0013311658264605,9.565852728377017,12895,4481747
exploratory,200M-25912221,665182,native,11,668274.0,831594.5454545454,995373155.3225174,0.23591002084227108,-1.9672504555734567,2.439070497257999,12334,5325475
exploratory,200M-25912221,665182,u256,11,683480.0909090909,853753.6363636364,973228055.72178,2.545396621431043,-2.563363684889559,7.654156927751645,12334,5325475
exploratory,200M-25912221,665182,integers,11,680471.1818181818,834288.8181818182,977531477.8543158,2.0804176005486,-2.144563860830332,6.305399061927532,12334,5325475
exploratory,200M-25912221,665182,count_int,11,700894.1818181818,859328.7272727273,949047684.0233697,5.101802731720233,3.3396170011006094,6.863988462339856,11289,1841555
exploratory,200M-25912221,665182,estimate_int,11,695165.1818181818,893827.0909090909,956868982.2183532,4.216219939557653,-1.9350039729334254,10.36744385204873,12811,4163587
exploratory,200M-25912221,665182,hybrid_int,11,681686.9090909091,833662.1818181818,975788138.4095818,2.2152043550863745,0.8254615183751066,3.6049471917976423,11783,3018811
exploratory,200M-25912222,623267,baseline,11,602446.6363636364,752932.1818181818,1034559681.1064217,0.0,0.0,0.0,11213,5100278
exploratory,200M-25912222,623267,manual,11,616579.8181818182,750271.3636363636,1010845606.0691397,2.3465089051471013,1.974009172596659,2.7190086376975438,11213,5100278
exploratory,200M-25912222,623267,count,11,645455.8181818182,785090.0909090909,965623025.5320623,7.140108117294054,6.686808741396142,7.593407493191966,10230,1700502
exploratory,200M-25912222,623267,estimate,11,629128.2727272727,783868.5454545454,990683501.3122776,4.429727932474708,4.043221368493194,4.816234496456222,11717,3928886
exploratory,200M-25912222,623267,hybrid256,11,636075.6363636364,767185.5454545454,979863029.4396093,5.584042639962786,5.153920845462687,6.014164434462885,10704,2740742
exploratory,200M-25912222,623267,bounded,11,633974.0,772726.7272727273,983111294.7849597,5.23446370869995,4.549651221697395,5.919276195702505,12082,4236302
exploratory,200M-25912222,623267,native,11,613590.6363636364,741152.4545454546,1015770064.0506989,1.8515824237354863,-0.6756299707356899,4.3787948182066625,11213,5100278
exploratory,200M-25912222,623267,u256,11,610674.0909090909,746644.6363636364,1020621325.3163605,1.367080734396125,0.7628336669345753,1.971327801857675,11213,5100278
exploratory,200M-25912222,623267,integers,11,610126.9090909091,743147.9090909091,1021536651.9871575,1.276387564104781,0.6793391514694043,1.8734359767401578,11213,5100278
exploratory,200M-25912222,623267,count_int,11,635263.2727272727,774433.0909090909,981116061.2579237,5.446193732167001,4.63457175836778,6.257815705966221,10230,1700502
exploratory,200M-25912222,623267,estimate_int,11,618598.8181818182,771977.4545454546,1007546380.1109457,2.6817883264501448,1.1825885198579102,4.180988133042379,11717,3928886
exploratory,200M-25912222,623267,hybrid_int,11,633942.8181818182,757225.4545454546,983159651.1930887,5.227869529582407,2.5804190060580976,7.875320053106718,10704,2740742
exploratory,200M-25912223,611845,baseline,11,628577.3636363636,774093.3636363636,973380581.9230177,0.0,0.0,0.0,13093,5513186
exploratory,200M-25912223,611845,manual,11,642402.5454545454,789424.5454545454,952432402.9056832,2.199069773839225,1.938653456107276,2.459486091571174,13093,5513186
exploratory,200M-25912223,611845,count,11,663611.7272727273,820614.3636363636,921992446.5689069,5.584216455747394,4.730266954513339,6.438165956981449,12169,1739330
exploratory,200M-25912223,611845,estimate,11,656579.0909090909,827791.8181818182,931867932.548457,4.466190107640005,3.5603216570876737,5.372058558192336,13622,4160714
exploratory,200M-25912223,611845,hybrid256,11,657546.7272727273,800272.4545454546,930496609.0208037,4.617561472603136,3.8829148958520543,5.352208049354219,12617,3031682
exploratory,200M-25912223,611845,bounded,11,656086.6363636364,805241.1818181818,932567386.818232,4.386533166274904,3.6183427883914097,5.154723544158399,13612,4616730
exploratory,200M-25912223,611845,native,11,631027.9090909091,778352.7272727273,969600537.7661585,0.3986656924432816,-0.4683476766022399,1.2656790614888032,13093,5513186
exploratory,200M-25912223,611845,u256,11,636613.2727272727,784784.6363636364,961093690.9606603,1.2870875082048276,0.4617007724130182,2.112474243996637,13093,5513186
exploratory,200M-25912223,611845,integers,11,635618.9090909091,783703.3636363636,962597228.0703361,1.1274034777262065,-0.48381848836771035,2.7386254438201236,13093,5513186
exploratory,200M-25912223,611845,count_int,11,652756.6363636364,809132.7272727273,937324825.0809888,3.8520955519715097,1.9302215310949387,5.773969572848081,12169,1739330
exploratory,200M-25912223,611845,estimate_int,11,647098.1818181818,813055.2727272727,945521123.6737998,2.953462115230753,0.6282298107105131,5.278694419750993,13622,4160714
exploratory,200M-25912223,611845,hybrid_int,11,644509.0909090909,785629.0,949319425.6375536,2.54753264137618,1.3594387555497462,3.735626527202614,12617,3031682
exploratory,200M-25912224,627082,baseline,11,592043.6363636364,712471.6363636364,1059182062.7472177,0.0,0.0,0.0,11560,4193927
exploratory,200M-25912224,627082,manual,11,610847.4545454546,737285.4545454546,1026577086.200066,3.2168558538723864,1.820153099802595,4.613558607942178,11560,4193927
exploratory,200M-25912224,627082,count,11,626663.1818181818,760800.6363636364,1000668330.6024188,5.891762409795252,4.315666457782096,7.467858361808408,10467,1597919
exploratory,200M-25912224,627082,estimate,11,615249.1818181818,764923.0909090909,1019232562.2390101,3.956904965002516,2.7313435816763514,5.18246634832868,11978,2936567
exploratory,200M-25912224,627082,hybrid256,11,624466.7272727273,747444.6363636364,1004188009.7258257,5.52424204767407,3.9625421145277206,7.08594198082042,10972,2664375
exploratory,200M-25912224,627082,bounded,11,627062.7272727273,757022.2727272727,1000030734.9272002,5.965985437950943,4.290390287905966,7.64158058799592,12246,3196919
exploratory,200M-25912224,627082,native,11,603378.9090909091,727841.6363636364,1039283923.5047238,1.963123133844288,0.36525191275199176,3.560994354936584,11560,4193927
exploratory,200M-25912224,627082,u256,11,604492.8181818182,730390.6363636364,1037368817.525616,2.1523432214520555,0.5362295201901939,3.7684569227139173,11560,4193927
exploratory,200M-25912224,627082,integers,11,602269.4545454546,728422.3636363636,1041198412.5498643,1.7765503302713082,0.16184186041395465,3.3912588001286617,11560,4193927
exploratory,200M-25912224,627082,count_int,11,620678.5454545454,754034.2727272727,1010316861.4290754,4.882259162466725,3.403931728999881,6.360586595933569,10467,1597919
exploratory,200M-25912224,627082,estimate_int,11,603174.0909090909,752389.8181818182,1039636830.313576,1.9290561644087993,0.3272473747622595,3.530864954055339,11978,2936567
exploratory,200M-25912224,627082,hybrid_int,11,615813.7272727273,740580.2727272727,1018298183.7335404,4.0638175906100455,2.3372006522763358,5.790434528943756,10972,2664375
exploratory,200M-25912225,610432,baseline,11,569573.9090909091,697177.0,1071734484.7735461,0.0,0.0,0.0,10741,5122797
exploratory,200M-25912225,610432,manual,11,582579.9090909091,715614.5454545454,1047808189.8714168,2.3135099986575005,1.044060315276189,3.582959682038812,10741,5122797
exploratory,200M-25912225,610432,count,11,598580.3636363636,734584.0,1019799574.2654134,5.109709465026056,4.343676561176468,5.8757423688756445,9814,1568629
exploratory,200M-25912225,610432,estimate,11,589318.8181818182,743174.1818181818,1035826417.156202,3.488784533549723,2.13764611917915,4.8399229479202965,11203,3803309
exploratory,200M-25912225,610432,hybrid256,11,607061.3636363636,731461.4545454546,1005552381.6298337,6.580178785840353,0.16696604563328332,12.993391526047422,10236,2579973
exploratory,200M-25912225,610432,bounded,11,593956.3636363636,719247.3636363636,1027738799.2996118,4.296913572109682,2.0107518394537465,6.583075304765618,11255,4188853
exploratory,200M-25912225,610432,native,11,571928.7272727273,701067.2727272727,1067321802.3351924,0.4374043148795021,-0.7092126209557066,1.584021250714711,10741,5122797
exploratory,200M-25912225,610432,u256,11,577363.5454545454,710755.2727272727,1057274926.354106,1.3893628709171384,0.41890028524667255,2.359825456587604,10741,5122797
exploratory,200M-25912225,610432,integers,11,572327.5454545454,706683.7272727273,1066578054.5564897,0.5234764036191366,-0.8962059451741009,1.9431587524123741,10741,5122797
exploratory,200M-25912225,610432,count_int,11,592008.4545454546,718296.9090909091,1031120409.367618,3.9615067679412617,2.793386875215927,5.129626660666596,9814,1568629
exploratory,200M-25912225,610432,estimate_int,11,575649.0,722364.9090909091,1060423973.6367127,1.0943954321975056,-0.278833107429304,2.467623971824315,11203,3803309
exploratory,200M-25912225,610432,hybrid_int,11,583276.9090909091,705527.8181818182,1046556087.6589726,2.412104732634583,1.8705903349304556,2.9536191303387103,10236,2579973
exploratory,200M-25912226,587580,baseline,11,582307.4545454546,705082.2727272727,1009054573.1698749,0.0,0.0,0.0,10845,4995367
exploratory,200M-25912226,587580,manual,11,597434.0909090909,723663.4545454546,983505978.2174526,2.603128650914479,1.7659740822103411,3.440283219618617,10845,4995367
exploratory,200M-25912226,587580,count,11,613769.9090909091,748412.9090909091,957329434.527508,5.410841806837285,4.723319820097357,6.098363793577214,9726,1571967
exploratory,200M-25912226,587580,estimate,11,606049.5454545454,751279.0909090909,969524693.8256624,4.085293858194454,3.3573066240127654,4.813281092376143,11327,3776743
exploratory,200M-25912226,587580,hybrid256,11,607855.7272727273,732806.7272727273,966643849.2507118,4.3944910812689235,3.792059111357375,4.996923051180472,10249,2567455
exploratory,200M-25912226,587580,bounded,11,609095.0909090909,750718.5454545454,964676958.9343117,4.608288207442392,3.8562824043341295,5.360294010550655,11383,4175631
exploratory,200M-25912226,587580,native,11,594742.6363636364,720677.0,987956746.4551895,2.135218375485721,0.5971212797336098,3.6733154712378315,10845,4995367
exploratory,200M-25912226,587580,u256,11,592514.7272727273,720962.0909090909,991671553.3883162,1.7611261514864462,1.0542747251633648,2.4679775778095276,10845,4995367
exploratory,200M-25912226,587580,integers,11,596927.1818181818,719828.5454545454,984341169.069046,2.525534410070618,0.5697337675573617,4.481335052583874,10845,4995367
exploratory,200M-25912226,587580,count_int,11,609882.5454545454,744690.9090909091,963431408.8495133,4.743521852891387,3.646225113723439,5.840818592059335,9726,1571967
exploratory,200M-25912226,587580,estimate_int,11,594219.8181818182,740554.1818181818,988825990.0147144,2.0543531378365407,1.1653310097515934,2.943375265921488,11327,3776743
exploratory,200M-25912226,587580,hybrid_int,11,601051.9090909091,721162.8181818182,977586113.7995796,3.2229922221717477,2.5431437633733665,3.902840680970129,10249,2567455
exploratory,200M-25912227,618794,baseline,11,566351.0909090909,691741.5454545454,1092597877.7700052,0.0,0.0,0.0,10801,4957695
exploratory,200M-25912227,618794,manual,11,578068.1818181818,706836.8181818182,1070451582.4651072,2.073961045472247,1.565662114760944,2.58225997618355,10801,4957695
exploratory,200M-25912227,618794,count,11,597285.9090909091,733602.0909090909,1036009707.5483114,5.4693607925950225,4.725679369144467,6.213042216045578,9799,1586871
exploratory,200M-25912227,618794,estimate,11,591529.0,743443.5454545454,1046092414.7421343,4.455835522889468,3.4754776171908977,5.436193428588039,11364,3837943
exploratory,200M-25912227,618794,hybrid256,11,591316.3636363636,718709.9090909091,1046468587.8040981,4.414182700922525,3.888588450185612,4.939776951659438,10261,2586311
exploratory,200M-25912227,618794,bounded,11,595600.6363636364,732931.6363636364,1038941133.0685738,5.17729492001476,3.1365942763918957,7.217995563637625,11392,4182487
exploratory,200M-25912227,618794,native,11,584148.5454545454,699964.9090909091,1059309322.6287087,3.1611448569913927,-2.335049498706492,8.657339212689276,10801,4957695
exploratory,200M-25912227,618794,u256,11,574035.0909090909,701151.2727272727,1077972426.7727692,1.361629544055586,0.7245075903063818,1.99875149780479,10801,4957695
exploratory,200M-25912227,618794,integers,11,572362.8181818182,705528.5454545454,1081121939.342035,1.0711404369698005,0.24179951823675205,1.900481355702849,10801,4957695
exploratory,200M-25912227,618794,count_int,11,590384.0,721279.6363636364,1048121222.7973658,4.250770330785528,3.4710234188241795,5.0305172427468765,9799,1586871
exploratory,200M-25912227,618794,estimate_int,11,577248.2727272727,725257.8181818182,1071972025.2716218,1.9294022690300592,1.473935355222722,2.3848691828373965,11364,3837943
exploratory,200M-25912227,618794,hybrid_int,11,580421.4545454546,704746.8181818182,1066111521.4712318,2.4921286626438532,1.8257294800572441,3.1585278452304624,10261,2586311
exploratory,200M-25912228,734806,baseline,11,720089.6363636364,905307.4545454546,1020436849.6548283,0.0,0.0,0.0,13784,5755997
exploratory,200M-25912228,734806,manual,11,760852.0909090909,902622.7272727273,965767208.6069051,5.736583170505613,-1.071848357858781,12.545014698870006,13784,5755997
exploratory,200M-25912228,734806,count,11,741180.1818181818,910789.9090909091,991399956.4821805,3.0260102351056686,0.7200046301818332,5.332015840029504,12468,1897549
exploratory,200M-25912228,734806,estimate,11,733128.6363636364,914277.1818181818,1002287952.6909268,1.9085024057621045,-0.45264286101989026,4.2696476725440995,14353,4511285
exploratory,200M-25912228,734806,hybrid256,11,740051.6363636364,892921.2727272727,992911796.818109,2.8720643497961835,0.5128352659936177,5.231293433598749,13098,3175781
exploratory,200M-25912228,734806,bounded,11,736242.0,894921.9090909091,998049554.3584853,2.3332923374276846,0.21326033333243366,4.4533243415229355,14495,4846477
exploratory,200M-25912228,734806,native,11,712315.9090909091,868455.5454545454,1031573197.5406724,-0.9876256028731828,-3.1571676909954745,1.1819164852491086,13784,5755997
exploratory,200M-25912228,734806,u256,11,720014.2727272727,875077.7272727273,1020543658.4148521,0.08193015352143371,-2.1258044870094923,2.2896647940523596,13784,5755997
exploratory,200M-25912228,734806,integers,11,717393.6363636364,870221.2727272727,1024271700.7145817,-0.27264262027957076,-2.912964066442497,2.3676788258833557,13784,5755997
exploratory,200M-25912228,734806,count_int,11,730998.1818181818,897612.3636363636,1005209066.5565641,1.603104975405142,-0.4696852339220232,3.6758951847323074,12468,1897549
exploratory,200M-25912228,734806,estimate_int,11,714399.6363636364,893423.1818181818,1028564353.3362279,-0.7009640942729206,-2.867907022284689,1.465978833738848,14353,4511285
exploratory,200M-25912228,734806,hybrid_int,11,730281.3636363636,875085.4545454546,1006195743.981616,1.5133857690982613,-0.9921437674456304,4.018915305642153,13098,3175781
exploratory,200M-25912229,731209,baseline,11,703531.9090909091,859959.7272727273,1039340206.9635402,0.0,0.0,0.0,13339,5674732
exploratory,200M-25912229,731209,manual,11,734226.9090909091,878863.6363636364,995889677.899921,4.35242758372313,2.3414044236727443,6.363450743773516,13339,5674732
exploratory,200M-25912229,731209,count,11,744026.7272727273,904767.1818181818,982772490.822055,5.758318203077817,4.701035233982443,6.81560117217319,11881,1853284
exploratory,200M-25912229,731209,estimate,11,736862.7272727273,914058.6363636364,992327299.1515627,4.7316068429731795,3.9724915817254596,5.490722104220899,13862,4485396
exploratory,200M-25912229,731209,hybrid256,11,748132.0909090909,899620.4545454546,977379541.5078013,6.336708046364402,5.669807029890571,7.003609062838232,12577,3088268
exploratory,200M-25912229,731209,bounded,11,753439.0909090909,909977.8181818182,970495171.8362949,7.0794535881387795,5.3108373822009405,8.848069794076618,14075,4808804
exploratory,200M-25912229,731209,native,11,732302.7272727273,879491.7272727273,998506454.7324566,4.0709021024945,2.1252911784189537,6.016513026570047,13339,5674732
exploratory,200M-25912229,731209,u256,11,730354.0909090909,879503.7272727273,1001170540.5659397,3.8078928844959914,2.8078614885510653,4.8079242804409175,13339,5674732
exploratory,200M-25912229,731209,integers,11,721889.3636363636,897229.8181818182,1012910061.8918815,2.6072431609252575,1.8624518610165046,3.3520344608340107,13339,5674732
exploratory,200M-25912229,731209,count_int,11,764753.0,920301.2727272727,956137471.8373122,8.680861513313243,1.4527396083809645,15.908983418245521,11881,1853284
exploratory,200M-25912229,731209,estimate_int,11,728287.0909090909,897532.3636363636,1004012029.2222422,3.5126615868457978,0.9402060105398995,6.085117163151696,13862,4485396
exploratory,200M-25912229,731209,hybrid_int,11,733834.4545454546,888023.6363636364,996422279.5356742,4.308167368640127,3.556535747509525,5.059798989770729,12577,3088268
exploratory,200M-25912230,685609,baseline,11,620423.4545454546,749828.1818181818,1105066217.2375524,0.0,0.0,0.0,11805,4180624
exploratory,200M-25912230,685609,manual,11,639854.1818181818,775719.2727272727,1071508195.9014527,3.134531337048037,2.4785450476958797,3.7905176264001943,11805,4180624
exploratory,200M-25912230,685609,count,11,648479.6363636364,799265.8181818182,1057256020.936243,4.545138580883861,3.2279956468247026,5.862281514943019,10637,1661952
exploratory,200M-25912230,685609,estimate,11,643540.1818181818,810096.7272727273,1065370926.8983982,3.7253612979585555,2.664301974955582,4.786420620961529,12290,3033384
exploratory,200M-25912230,685609,hybrid256,11,650133.8181818182,785717.6363636364,1054565969.0760167,4.809162566180358,3.2134989198380524,6.404826212522664,11176,2742008
exploratory,200M-25912230,685609,bounded,11,651865.0,793157.5454545454,1051765319.5063396,5.081878611028696,3.4578412424095264,6.705915979647865,12466,3311200
exploratory,200M-25912230,685609,native,11,643194.8181818182,769680.4545454546,1065942978.1136578,3.677820077745874,1.56912980914877,5.786510346342977,11805,4180624
exploratory,200M-25912230,685609,u256,11,638393.9090909091,791294.5454545454,1073959181.371775,2.897271925843369,1.5374067672292404,4.257137084457497,11805,4180624
exploratory,200M-25912230,685609,integers,11,637986.0909090909,776466.3636363636,1074645685.4930007,2.824710847323073,1.599417747394442,4.050003947251704,11805,4180624
exploratory,200M-25912230,685609,count_int,11,656476.4545454546,797119.8181818182,1044377136.8383911,5.819746664646849,4.09405417050111,7.545439158792588,10637,1661952
exploratory,200M-25912230,685609,estimate_int,11,636972.4545454546,789857.9090909091,1076355806.452027,2.6578270505806834,1.7905695806498598,3.525084520511507,12290,3033384
exploratory,200M-25912230,685609,hybrid_int,11,650543.0909090909,786352.0,1053902515.5764959,4.85420560743869,3.7541209036435035,5.954290311233876,11176,2742008
exploratory,200M-25912231,614847,baseline,11,636485.7272727273,772420.5454545454,966002808.3183469,0.0,0.0,0.0,12043,5071881
exploratory,200M-25912231,614847,manual,11,652255.2727272727,795234.4545454546,942647803.2582893,2.4927935938096986,0.46967552209956764,4.5159116655198295,12043,5071881
exploratory,200M-25912231,614847,count,11,673368.8181818182,825274.9090909091,913090988.7692237,5.812856581357549,3.8051751130460016,7.820538049669096,11005,1729825
exploratory,200M-25912231,614847,estimate,11,662824.1818181818,836156.3636363636,927617031.5835847,4.155794374657811,2.211010032202134,6.100578717113487,12619,4006561
exploratory,200M-25912231,614847,hybrid256,11,667832.3636363636,796081.0909090909,920660682.9476532,4.9427963286814665,2.9571670233143,6.928425634048633,11514,2870721
exploratory,200M-25912231,614847,bounded,11,658975.9090909091,805035.1818181818,933034108.7100025,3.547995646928137,1.9286599745731379,5.167331319283136,12658,4354041
exploratory,200M-25912231,614847,native,11,641669.5454545454,781854.8181818182,958198817.9982193,0.8287423391814763,-0.576555885049471,2.2340405634124236,12043,5071881
exploratory,200M-25912231,614847,u256,11,638541.0,783924.4545454546,962893533.8529555,0.34204763325062254,-1.2994426908590635,1.9835379573603087,12043,5071881
exploratory,200M-25912231,614847,integers,11,643281.9090909091,784836.0909090909,955797126.129206,1.048642315498975,-1.0899166030247551,3.187201234022705,12043,5071881
exploratory,200M-25912231,614847,count_int,11,665662.7272727273,804740.2727272727,923661450.1747404,4.570007384639479,3.4215086149886016,5.718506154290356,11005,1729825
exploratory,200M-25912231,614847,estimate_int,11,645122.2727272727,806054.9090909091,953070489.1038979,1.3586332288966199,0.796488965382183,1.9207774924110568,12619,4006561
exploratory,200M-25912231,614847,hybrid_int,11,654431.0,792648.6363636364,939513867.7721562,2.834051981478842,1.2169576122168304,4.451146350740853,11514,2870721
exploratory,300M-25912202,844816,baseline,11,840632.2727272727,1025823.0,1004976881.5788549,0.0,0.0,0.0,15387,6110464
exploratory,300M-25912202,844816,manual,11,856208.9090909091,1045379.2727272727,986693774.1829787,1.8751239622568872,0.8407155367805768,2.9095323877331976,15387,6110464
exploratory,300M-25912202,844816,count,11,885616.7272727273,1091877.8181818181,953929588.256114,5.372880949435296,3.93137831853492,6.814383580335672,13871,2284264
exploratory,300M-25912202,844816,estimate,11,868046.1818181818,1079390.7272727273,973238541.5606292,3.2802621403162773,1.7809699222547974,4.779554358377757,16030,4928128
exploratory,300M-25912202,844816,hybrid256,11,879241.8181818182,1058877.2727272727,960846018.1602744,4.61481278034616,3.017105607538895,6.212519953153425,14606,3705120
exploratory,300M-25912202,844816,bounded,11,873637.0909090909,1071241.9090909092,967010225.1735898,3.950255082108024,2.2173670694282905,5.6831430947877575,16269,5258656
exploratory,300M-25912202,844816,native,11,846539.7272727273,1032244.0909090909,997963796.3615948,0.7314757236225029,-1.150464045104633,2.613415492349639,15387,6110464
exploratory,300M-25912202,844816,u256,11,852232.6363636364,1044299.0909090909,991297403.9632158,1.4140832152892595,-0.6058729248318286,3.4340393554103477,15387,6110464
exploratory,300M-25912202,844816,integers,11,852810.1818181818,1057974.8181818181,990626071.3244087,1.4859274050446525,-0.6511473492494819,3.623002159338787,15387,6110464
exploratory,300M-25912202,844816,count_int,11,881132.9090909091,1082144.0909090908,958783846.6635206,4.856954888549248,2.740673404606784,6.973236372491712,13871,2284264
exploratory,300M-25912202,844816,estimate_int,11,858121.3636363636,1070684.4545454546,984494776.3799039,2.0900125268499674,0.5615226095106634,3.6185024441892715,16030,4928128
exploratory,300M-25912202,844816,hybrid_int,11,864716.0909090909,1050905.0,976986561.1172222,2.8857218055535325,1.5108425173773534,4.260601093729711,14606,3705120
exploratory,300M-25912203,923936,baseline,11,865783.8181818182,1073195.3636363635,1067167092.5200516,0.0,0.0,0.0,15814,6353556
exploratory,300M-25912203,923936,manual,11,894444.0,1087809.9090909092,1032972438.744069,3.3335383251958355,1.3390141710036043,5.328062479388066,15814,6353556
exploratory,300M-25912203,923936,count,11,934221.6363636364,1171469.9090909092,988990153.9813699,7.898809931592283,6.923339296803322,8.874280566381245,14434,2440252
exploratory,300M-25912203,923936,estimate,11,940441.6363636364,1143098.8181818181,982449058.2664354,8.499835474084035,0.7907062517588939,16.208964696409176,16701,4990212
exploratory,300M-25912203,923936,hybrid256,11,911820.7272727273,1105971.2727272727,1013286902.090403,5.335100478117156,3.933281652351903,6.736919303882409,15069,3914524
exploratory,300M-25912203,923936,bounded,11,902307.1818181818,1110552.0,1023970570.7963394,4.252574301313702,2.5839203071692087,5.921228295458196,16516,5292300
exploratory,300M-25912203,923936,native,11,867990.0909090909,1070151.0,1064454548.1300529,0.29104342190173466,-1.5505994114695043,2.1326862552729735,15814,6353556
exploratory,300M-25912203,923936,u256,11,870804.0909090909,1071551.2727272727,1061014767.4380366,0.632867676745319,-1.4475572873461657,2.7132926408368037,15814,6353556
exploratory,300M-25912203,923936,integers,11,879555.0909090909,1099066.1818181819,1050458361.9032184,1.6276721786044275,-0.5016481528676018,3.756992510076457,15814,6353556
exploratory,300M-25912203,923936,count_int,11,928548.4545454546,1136270.7272727273,995032618.3594668,7.312170699361271,3.927356187482807,10.696985211239735,14434,2440252
exploratory,300M-25912203,923936,estimate_int,11,894492.5454545454,1113157.3636363635,1032916377.7776288,3.2896969585829923,1.9320256218828242,4.64736829528316,16701,4990212
exploratory,300M-25912203,923936,hybrid_int,11,897508.7272727273,1089575.5454545454,1029445142.8985851,3.6691442665223577,3.0089434165294295,4.329345116515285,15069,3914524
exploratory,300M-25912204,860019,baseline,11,861477.4545454546,1050633.5454545454,998307031.0920393,0.0,0.0,0.0,16439,6411659
exploratory,300M-25912204,860019,manual,11,895732.9090909091,1090038.0909090908,960128841.1663299,3.995212757618926,2.4435719860629757,5.546853529174876,16439,6411659
exploratory,300M-25912204,860019,count,11,919576.7272727273,1134853.4545454546,935233542.2304965,6.763955720902567,5.3000565139459725,8.22785492785916,14823,2310235
exploratory,300M-25912204,860019,estimate,11,908544.8181818182,1145927.1818181819,946589516.3224548,5.47708122107479,4.7260003210604244,6.228162121089155,17417,5160603
exploratory,300M-25912204,860019,hybrid256,11,911476.0909090909,1099537.5454545454,943545320.1435393,5.809312637649038,5.15960649245444,6.459018782843636,15649,3835811
exploratory,300M-25912204,860019,bounded,11,913091.8181818182,1116287.6363636365,941875705.0221972,5.974676172709413,4.69621025527785,7.253142090140975,17286,5461963
exploratory,300M-25912204,860019,native,11,910927.9090909091,1087887.0909090908,944113130.5970026,5.797777192202152,-1.9561253516216874,13.551679736025992,16439,6411659
exploratory,300M-25912204,860019,u256,11,884237.9090909091,1075943.0909090908,972610415.3170625,2.6463129614431513,2.0635446024721276,3.229081320414175,16439,6411659
exploratory,300M-25912204,860019,integers,11,882641.3636363636,1080305.8181818181,974369699.2137752,2.4718334416855763,0.9174378982590676,4.026228985112085,16439,6411659
exploratory,300M-25912204,860019,count_int,11,906934.0909090909,1119295.0909090908,948270672.1697227,5.281406301079813,4.3840133044303125,6.178799297729314,14823,2310235
exploratory,300M-25912204,860019,estimate_int,11,896617.5454545454,1123796.1818181819,959181542.1858697,4.068069577469781,3.4007293904177542,4.735409764521807,17417,5160603
exploratory,300M-25912204,860019,hybrid_int,11,904764.0,1089721.6363636365,950545114.5271032,5.014084594935088,3.53126931803401,6.496899871836167,15649,3835811
exploratory,300M-25912205,880070,baseline,11,851108.6363636364,1039644.0909090909,1034027810.7858254,0.0,0.0,0.0,16530,6446095
exploratory,300M-25912205,880070,manual,11,885626.2727272727,1083134.5454545454,993726165.4284914,4.055363097295415,3.734552194239729,4.376174000351101,16530,6446095
exploratory,300M-25912205,880070,count,11,914562.0909090909,1119797.4545454546,962285676.1154344,7.465317601465955,5.809096943550058,9.121538259381852,14928,2276015
exploratory,300M-25912205,880070,estimate,11,904278.4545454546,1124043.2727272727,973228982.2634077,6.258948719015449,4.627477065026034,7.890420373004864,17488,5249399
exploratory,300M-25912205,880070,hybrid256,11,915193.0909090909,1087968.8181818181,961622207.0970815,7.539486334131981,5.492859710853718,9.586112957410243,15706,3779471
exploratory,300M-25912205,880070,bounded,11,896855.7272727273,1090388.6363636365,981283804.3374362,5.397362721524175,4.3988936817329165,6.395831761315433,17481,5551439
exploratory,300M-25912205,880070,native,11,884220.2727272727,1075100.0,995306290.9149643,3.8940094956437536,2.4549627238068368,5.3330562674806705,16530,6446095
exploratory,300M-25912205,880070,u256,11,899185.9090909091,1074331.9090909092,978740871.1617428,5.60484049387787,2.775393204174025,8.434287783581716,16530,6446095
exploratory,300M-25912205,880070,integers,11,884277.0909090909,1070082.0,995242338.6828152,3.9018327247917046,2.647930461583165,5.155734988000244,16530,6446095
exploratory,300M-25912205,880070,count_int,11,904401.9090909091,1121172.4545454546,973096132.5420386,6.272698943944904,4.9088871522267485,7.636510735663059,14928,2276015
exploratory,300M-25912205,880070,estimate_int,11,904190.2727272727,1099725.0,973323897.1322709,6.245292932207843,1.7427809845607705,10.747804879854916,17488,5249399
exploratory,300M-25912205,880070,hybrid_int,11,900483.4545454546,1082743.6363636365,977330561.2197407,5.821853603097576,3.653823160231814,7.989884045963338,15706,3779471
exploratory,300M-25912206,935306,baseline,11,867888.7272727273,1062194.7272727273,1077679627.132762,0.0,0.0,0.0,16786,6553032
exploratory,300M-25912206,935306,manual,11,905386.0909090909,1102124.5454545454,1033046574.7058989,4.329659158726015,2.6402045736553443,6.0191137437966855,16786,6553032
exploratory,300M-25912206,935306,count,11,924573.9090909091,1141966.9090909092,1011607607.3568238,6.543176953364535,4.3723789197611005,8.713974986967969,15151,2357584
exploratory,300M-25912206,935306,estimate,11,914204.1818181818,1132047.5454545454,1023082172.0152829,5.341558116744424,3.105126425973882,7.577989807514966,17549,5190032
exploratory,300M-25912206,935306,hybrid256,11,917231.0909090909,1103322.9090909092,1019705948.99154,5.688592761017668,3.8659560850322983,7.511229437003038,15902,3908936
exploratory,300M-25912206,935306,bounded,11,909330.1818181818,1110007.9090909092,1028565881.4599998,4.778650761651291,3.5042864752791596,6.053015048023423,17565,5584832
exploratory,300M-25912206,935306,native,11,888238.6363636364,1082186.0,1052989547.7515513,2.347413327545515,0.8013254387603284,3.893501216330702,16786,6553032
exploratory,300M-25912206,935306,u256,11,893653.4545454546,1089322.6363636365,1046609281.5315434,2.9747684187736394,1.3331228465743745,4.616413990972904,16786,6553032
exploratory,300M-25912206,935306,integers,11,892843.0909090909,1085337.5454545454,1047559206.6772599,2.8781354671575934,1.2654132213598706,4.490857712955316,16786,6553032
exploratory,300M-25912206,935306,count_int,11,920410.1818181818,1128042.0,1016183891.1347036,6.062034851563372,3.432689501915158,8.691380201211587,15151,2357584
exploratory,300M-25912206,935306,estimate_int,11,887433.9090909091,1112010.0909090908,1053944401.2885774,2.2560777878825045,1.483543707377497,3.028611868387512,17549,5190032
exploratory,300M-25912206,935306,hybrid_int,11,909494.1818181818,1087439.0909090908,1028380410.4499245,4.79949706735745,3.222076754368185,6.376917380346715,15902,3908936
exploratory,300M-25912207,857845,baseline,11,935233.0,1120427.0909090908,917252706.0101601,0.0,0.0,0.0,17044,8662621
exploratory,300M-25912207,857845,manual,11,918392.2727272727,1136748.8181818181,934072536.8393284,-1.4238291022029277,-5.261948092063114,2.414289887657259,17044,8662621
exploratory,300M-25912207,857845,count,11,985350.5454545454,1210493.0909090908,870598797.5114717,5.772428124036451,1.4385385613091835,10.106317686763719,15672,2614693
exploratory,300M-25912207,857845,estimate,11,974709.7272727273,1208452.3636363635,880103046.0630376,4.653010278138345,-0.0791802867324023,9.385200843009093,18090,7457797
exploratory,300M-25912207,857845,hybrid256,11,964582.0,1159398.6363636365,889343777.9266045,3.5816913708326172,-1.2179395794348231,8.381322321100058,16300,4264933
exploratory,300M-25912207,857845,bounded,11,966875.9090909091,1171401.0,887233813.4958562,3.8347663772570444,-1.0908239201577876,8.760356674671876,17767,7714997
exploratory,300M-25912207,857845,native,11,918869.3636363636,1123884.6363636365,933587552.2121406,-1.3196675553545354,-5.891445045028074,3.2521099343190025,17044,8662621
exploratory,300M-25912207,857845,u256,11,915606.5454545454,1129961.8181818181,936914446.7770596,-1.6619004509162698,-6.271179104091675,2.9473782022591353,17044,8662621
exploratory,300M-25912207,857845,integers,11,941123.6363636364,1160149.9090909092,911511481.4399809,1.1322686022078248,-5.6570226431362896,7.921559847551939,17044,8662621
exploratory,300M-25912207,857845,count_int,11,991877.8181818182,1214529.1818181819,864869628.3706497,6.5498630931357695,0.1856609424037874,12.914065243867752,15672,2614693
exploratory,300M-25912207,857845,estimate_int,11,957768.4545454546,1191160.2727272727,895670551.6127309,2.8440018284267143,-1.8620097079724465,7.550013364825875,18090,7457797
exploratory,300M-25912207,857845,hybrid_int,11,963219.8181818182,1185191.1818181819,890601484.5285009,3.4515961055190463,-1.7083108214471814,8.611503032485274,16300,4264933
exploratory,300M-25912208,924392,baseline,11,870324.4545454546,1070496.1818181819,1062123435.8889563,0.0,0.0,0.0,16207,8580292
exploratory,300M-25912208,924392,manual,11,892189.7272727273,1082382.7272727273,1036093525.5617766,2.5141150299100263,0.5585732394287066,4.4696568203913465,16207,8580292
exploratory,300M-25912208,924392,count,11,951582.0,1149641.2727272727,971426529.7157786,9.330297337834118,4.591576327258423,14.069018348409813,15047,2644020
exploratory,300M-25912208,924392,estimate,11,910111.2727272727,1144183.5454545454,1015691188.2103528,4.575849888739978,3.9045257431538722,5.247174034326084,17246,7227652
exploratory,300M-25912208,924392,hybrid256,11,901246.0909090909,1100536.4545454546,1025682118.7069579,3.5592009502871425,2.766919793905148,4.3514821066691365,15589,4225036
exploratory,300M-25912208,924392,bounded,11,901487.3636363636,1097106.2727272727,1025407606.6815236,3.5873135995408956,2.5733766156267746,4.601250583455016,16806,7610836
exploratory,300M-25912208,924392,native,11,877339.9090909091,1070722.5454545454,1053630400.7392595,0.8071389470982132,-0.47810466997187195,2.0923825641682985,16207,8580292
exploratory,300M-25912208,924392,u256,11,877586.0,1075367.3636363635,1053334943.8117746,0.8370954714230217,0.1728976837707482,1.501293259075295,16207,8580292
exploratory,300M-25912208,924392,integers,11,885220.8181818182,1082239.9090909092,1044250181.4390635,1.7152993696544419,1.1164623336933652,2.3141364056155185,16207,8580292
exploratory,300M-25912208,924392,count_int,11,949029.8181818182,1123615.6363636365,974038941.970211,9.039920685600164,0.6129339460994796,17.46690742510085,15047,2644020
exploratory,300M-25912208,924392,estimate_int,11,906804.0,1118924.3636363635,1019395591.5501034,4.200815541886471,1.7603803879635995,6.641250695809343,17246,7227652
exploratory,300M-25912208,924392,hybrid_int,11,899865.5454545454,1090431.0,1027255687.9962169,3.3990672070492334,2.285211639786599,4.512922774311868,15589,4225036
exploratory,300M-25912209,970600,baseline,11,983961.0909090909,1173572.8181818181,986421118.6473374,0.0,0.0,0.0,17839,8853466
exploratory,300M-25912209,970600,manual,11,962944.9090909091,1178213.0909090908,1007949666.5248668,-1.146218679077999,-7.51538682716197,5.2229494690059735,17839,8853466
exploratory,300M-25912209,970600,count,11,1023235.5454545454,1251627.5454545454,948559698.0202994,5.028268917548174,-1.52376623164123,11.580304066737579,16489,2847098
exploratory,300M-25912209,970600,estimate,11,1001757.0,1245543.9090909092,968897646.8345118,2.6761434229465073,-2.735683104952223,8.087969950845238,18926,7728322
exploratory,300M-25912209,970600,hybrid256,11,997691.5454545454,1208358.5454545454,972845770.2403376,2.2844972490238615,-3.2949989970404734,7.863993495088197,17141,4575730
exploratory,300M-25912209,970600,bounded,11,991875.9090909091,1218158.0909090908,978549827.7597959,1.6856791239782514,-3.7952764237216305,7.166634671678133,18607,7958226
exploratory,300M-25912209,970600,native,11,952901.7272727273,1170095.4545454546,1018573030.3773574,-2.2716458641891184,-7.8857918780521405,3.3425001496739033,17839,8853466
exploratory,300M-25912209,970600,u256,11,958732.6363636364,1175687.0,1012378178.4266521,-1.7535379031656866,-6.895011510004726,3.387935703673352,17839,8853466
exploratory,300M-25912209,970600,integers,11,950943.3636363636,1170998.0909090908,1020670669.9003296,-2.4132229880256357,-8.263610052401074,3.4371640763498013,17839,8853466
exploratory,300M-25912209,970600,count_int,11,1005728.7272727273,1239248.3636363635,965071369.3264115,3.2337018443560517,-3.2030371047190336,9.670440793431137,16489,2847098
exploratory,300M-25912209,970600,estimate_int,11,1029162.0909090909,1334876.5454545454,943097310.4952192,4.319202787490376,1.7189288582316333,6.919476716749118,18926,7728322
exploratory,300M-25912209,970600,hybrid_int,11,1048749.2727272727,1277380.4545454546,925483359.3123307,5.81299970976784,0.9619086177592031,10.664090801776476,17141,4575730
exploratory,300M-25912210,915771,baseline,11,950638.3636363636,1148685.0909090908,963322158.0675645,0.0,0.0,0.0,17163,6507830
exploratory,300M-25912210,915771,manual,11,919255.9090909091,1130885.0,996208989.187401,-1.5941502287064468,-9.275526458279481,6.087226000866587,17163,6507830
exploratory,300M-25912210,915771,count,11,952615.1818181818,1180209.3636363635,961323121.3176131,1.997642838505828,-6.039685688849398,10.034971365861054,15625,2545214
exploratory,300M-25912210,915771,estimate,11,955130.7272727273,1200157.2727272727,958791266.8403887,2.332102884895729,-7.983344695614557,12.647550465406015,17901,5200446
exploratory,300M-25912210,915771,hybrid256,11,936820.7272727273,1143093.3636363635,977530677.2577425,0.27344841679010073,-7.482012211375036,8.028909044955236,16360,4169462
exploratory,300M-25912210,915771,bounded,11,951942.1818181818,1167685.8181818181,962002753.4139775,1.965801888258995,-6.592999562163885,10.524603338681874,17924,5589478
exploratory,300M-25912210,915771,native,11,910476.4545454546,1123639.0,1005815137.1494704,-2.492273227055915,-10.385495298532847,5.400948844421016,17163,6507830
exploratory,300M-25912210,915771,u256,11,913502.1818181818,1126999.1818181819,1002483648.3447719,-2.1811464253052573,-9.975877760977403,5.613584910366889,17163,6507830
exploratory,300M-25912210,915771,integers,11,915595.4545454546,1121559.6363636365,1000191728.1848375,-1.9440142029649619,-9.898490000167813,6.0104615942378885,17163,6507830
exploratory,300M-25912210,915771,count_int,11,938149.3636363636,1174766.7272727273,976146267.8505448,0.3887549116963532,-7.2517614686177,8.029271292010407,15625,2545214
exploratory,300M-25912210,915771,estimate_int,11,919001.4545454546,1157009.5454545454,996484821.0745734,-1.6075407768182108,-9.392753420496193,6.177671866859772,17901,5200446
exploratory,300M-25912210,915771,hybrid_int,11,928218.0,1139199.1818181819,986590434.5746366,-0.6455059097515071,-8.351221807091758,7.060209987588743,16360,4169462
exploratory,300M-25912211,958731,baseline,11,979322.1818181818,1213838.2727272727,978974047.355945,0.0,0.0,0.0,18597,6980690
exploratory,300M-25912211,958731,manual,11,1014110.4545454546,1239378.4545454546,945391101.8299513,3.530043590801006,1.826748774342907,5.2333384072591045,18597,6980690
exploratory,300M-25912211,958731,count,11,1077045.1818181819,1325174.4545454546,890149286.3851326,9.975959120275753,1.3560715176450966,18.59584672290641,17050,2645210
exploratory,300M-25912211,958731,estimate,11,1019907.1818181818,1276646.3636363635,940017892.8938186,4.145965712281888,2.440377002547947,5.851554422015829,19418,5461642
exploratory,300M-25912211,958731,hybrid256,11,1035506.3636363636,1256863.3636363635,925857178.3501616,5.705732802562752,3.356109802888353,8.05535580223715,17816,4446722
exploratory,300M-25912211,958731,bounded,11,1034430.6363636364,1265640.6363636365,926819997.6851561,5.560225617058072,2.5026228310440373,8.617828403072107,19702,5886954
exploratory,300M-25912211,958731,native,11,974943.8181818182,1209002.4545454546,983370510.3007333,-0.42865091254185633,-1.331446401553082,0.4741445764693693,18597,6980690
exploratory,300M-25912211,958731,u256,11,981810.0,1213336.0,976493415.2229047,0.29658987967875167,-1.4677388495653532,2.0609186089228566,18597,6980690
exploratory,300M-25912211,958731,integers,11,988984.8181818182,1232833.4545454546,969409218.801318,1.0237828909776778,-0.49524190761001674,2.5428076895653726,18597,6980690
exploratory,300M-25912211,958731,count_int,11,1041121.5454545454,1300581.0,920863663.0235384,6.27873225277508,-0.9805956219939214,13.538060127544082,17050,2645210
exploratory,300M-25912211,958731,estimate_int,11,989667.1818181818,1250442.3636363635,968740822.7871648,1.119470803029752,-0.7773502268964863,3.0162918329559902,19418,5461642
exploratory,300M-25912211,958731,hybrid_int,11,1013519.3636363636,1234462.4545454546,945942459.9054617,3.491275714836923,1.7709535823405917,5.211597847333254,17816,4446722
exploratory,300M-25912212,841414,baseline,11,831121.6363636364,1002552.8181818182,1012383703.1621451,0.0,0.0,0.0,15519,6315245
exploratory,300M-25912212,841414,manual,11,856387.8181818182,1035279.1818181818,982515143.4152708,3.0434478126819218,2.0835994485459484,4.003296176817895,15519,6315245
exploratory,300M-25912212,841414,count,11,889077.3636363636,1083463.6363636365,946390083.0390974,7.01900506372233,3.877949058732335,10.160061068712324,14081,2191549
exploratory,300M-25912212,841414,estimate,11,867906.8181818182,1075910.9090909092,969475043.1419376,4.442258005042475,3.1508103946575723,5.733705615427377,16172,5051237
exploratory,300M-25912212,841414,hybrid256,11,870304.0,1043150.5454545454,966804702.7245653,4.722822345778796,3.644999762814467,5.800644928743124,14761,3622021
exploratory,300M-25912212,841414,bounded,11,873486.2727272727,1057871.3636363635,963282453.6244469,5.1130014819973955,3.950945671273058,6.275057292721733,16342,5306573
exploratory,300M-25912212,841414,native,11,843305.7272727273,1025968.7272727273,997756771.700288,1.4755813398751538,0.5503844441439381,2.40077823560637,15519,6315245
exploratory,300M-25912212,841414,u256,11,849803.0,1030965.5454545454,990128300.3237221,2.264709614271345,0.9809943136554038,3.5484249148872866,15519,6315245
exploratory,300M-25912212,841414,integers,11,853791.5454545454,1027083.8181818182,985502848.417226,2.7833571190433717,-0.6767120567251981,6.2434262948119414,15519,6315245
exploratory,300M-25912212,841414,count_int,11,866168.0,1090941.4545454546,971421248.5337718,4.241319195002724,2.6333846636190477,5.849253726386401,14081,2191549
exploratory,300M-25912212,841414,estimate_int,11,868788.4545454546,1059125.9090909092,968491231.2056717,4.593465016740206,-1.184735548383081,10.371665581863493,16172,5051237
exploratory,300M-25912212,841414,hybrid_int,11,871160.4545454546,1046848.2727272727,965854218.4849571,4.842673578652262,2.8758953962154754,6.809451761089048,14761,3622021
exploratory,300M-25912213,882874,baseline,11,844564.4545454546,1034527.2727272727,1045360120.5311958,0.0,0.0,0.0,15545,6255672
exploratory,300M-25912213,882874,manual,11,867130.0909090909,1056838.5454545454,1018156340.3876381,2.6851820852929054,1.6031668565210206,3.76719731406479,15545,6255672
exploratory,300M-25912213,882874,count,11,880230.2727272727,1083885.3636363635,1003003449.6138562,4.238470915684657,3.3077024118967167,5.169239419472598,14120,2302768
exploratory,300M-25912213,882874,estimate,11,870756.3636363636,1089906.8181818181,1013916219.1281978,3.1184269123717754,2.0568326177506338,4.180021206992917,16296,4998400
exploratory,300M-25912213,882874,hybrid256,11,868714.0,1055260.2727272727,1016299956.0269548,2.8750456804251883,1.9078691334080313,3.8422222274423454,14784,3750104
exploratory,300M-25912213,882874,bounded,11,868863.6363636364,1068021.0,1016124928.0669631,2.894001937293186,1.8724302233295604,3.9155736512568113,16261,5323544
exploratory,300M-25912213,882874,native,11,853105.9090909091,1048595.0909090908,1034893781.1728588,1.0323027902597315,-0.4668090384439798,2.531414618963443,15545,6255672
exploratory,300M-25912213,882874,u256,11,868193.7272727273,1068566.0909090908,1016908982.7144779,2.827060799365538,0.4282454377379801,5.225876160993096,15545,6255672
exploratory,300M-25912213,882874,integers,11,855753.0,1043736.2727272727,1031692556.1464581,1.3464567403963088,0.10340021144706801,2.5895132693455496,15545,6255672
exploratory,300M-25912213,882874,count_int,11,870858.0,1075233.6363636365,1013797886.6818701,3.1217973899373983,2.346306980759082,3.8972877991157144,14120,2302768
exploratory,300M-25912213,882874,estimate_int,11,857094.3636363636,1078199.5454545454,1030077944.1067165,1.4992448943215537,0.4176995942449373,2.58079019439817,16296,4998400
exploratory,300M-25912213,882874,hybrid_int,11,861583.4545454546,1045151.8181818182,1024710949.7544584,2.028717227745611,1.135982842189267,2.9214516133019552,14784,3750104
exploratory,300M-25912214,863121,baseline,11,812983.5454545454,988261.9090909091,1061670933.9638877,0.0,0.0,0.0,14908,6063899
exploratory,300M-25912214,863121,manual,11,836329.0,1011394.8181818182,1032035239.7202536,2.876656209251016,2.334368792773108,3.4189436257289243,14908,6063899
exploratory,300M-25912214,863121,count,11,854969.6363636364,1039593.9090909091,1009534097.2236547,5.187196619669278,3.438086457264113,6.936306782074443,13331,2198571
exploratory,300M-25912214,863121,estimate,11,837052.0909090909,1053222.7272727273,1031143711.8120052,2.992427950701841,1.75912803556897,4.2257278658347115,15611,4737147
exploratory,300M-25912214,863121,hybrid256,11,841338.8181818182,1010509.0909090909,1025889904.6941092,3.5149441145107723,2.328405473445714,4.701482755575831,14072,3561115
exploratory,300M-25912214,863121,bounded,11,846762.9090909091,1027945.2727272727,1019318383.8515708,4.194570325613272,2.6707785594547673,5.718362091771777,15774,5185931
exploratory,300M-25912214,863121,native,11,822188.0,1000448.3636363636,1049785450.5295626,1.1713167167149137,-0.5122854406556208,2.854918874085448,14908,6063899
exploratory,300M-25912214,863121,u256,11,828594.8181818182,1002907.2727272727,1041668353.5312741,1.9548994977145826,0.15017537910206813,3.7596236163270973,14908,6063899
exploratory,300M-25912214,863121,integers,11,825675.7272727273,1003220.8181818182,1045351063.971515,1.5962566942878655,0.18604939690692435,3.0064639916688067,14908,6063899
exploratory,300M-25912214,863121,count_int,11,835340.2727272727,1027138.6363636364,1033256779.518156,2.7822532145187617,1.5656133776743284,3.9988930513631953,13331,2198571
exploratory,300M-25912214,863121,estimate_int,11,824387.0,1086088.5454545454,1046985214.4684474,1.430348278379858,0.36021179259441793,2.5004847641652983,15611,4737147
exploratory,300M-25912214,863121,hybrid_int,11,829713.1818181818,1005768.7272727273,1040264297.2462007,2.087826968207107,0.8334166217830523,3.342237314631162,14072,3561115
exploratory,300M-25912215,874536,baseline,11,851126.8181818182,1036072.9090909091,1027503753.0460955,0.0,0.0,0.0,15980,6452494
exploratory,300M-25912215,874536,manual,11,873705.0,1072171.9090909092,1000951121.9461946,2.7089754219604427,0.9283459882274183,4.489604855693467,15980,6452494
exploratory,300M-25912215,874536,count,11,928156.0909090909,1109755.5454545454,942229446.712382,9.209251013374613,2.4647897713375126,15.953712255411714,14325,2222966
exploratory,300M-25912215,874536,estimate,11,892493.5454545454,1105055.2727272727,979879355.3790916,4.88160546143098,2.2927174619069253,7.470493460955035,16558,5040526
exploratory,300M-25912215,874536,hybrid256,11,913764.3636363636,1105820.4545454546,957069497.1291584,7.434322867121155,2.9837360501526833,11.884909684089628,15113,3693334
exploratory,300M-25912215,874536,bounded,11,909996.5454545454,1080723.3636363635,961032219.7027322,7.008493302076365,2.5390902325038276,11.477896371648903,16841,5430446
exploratory,300M-25912215,874536,native,11,856741.2727272727,1046804.6363636364,1020770246.3266199,0.7207923322539369,-0.9433723360441884,2.3849570005520624,15980,6452494
exploratory,300M-25912215,874536,u256,11,873163.1818181818,1056614.7272727273,1001572235.5344388,2.616580146837242,1.0820214902082603,4.151138803466223,15980,6452494
exploratory,300M-25912215,874536,integers,11,862234.0,1052435.5454545454,1014267588.612836,1.3516458257810722,-0.02179379029304984,2.725085441855194,15980,6452494
exploratory,300M-25912215,874536,count_int,11,887433.0,1131477.8181818181,985467071.8803561,4.335625209045597,2.0113001240023394,6.659950294088855,14325,2222966
exploratory,300M-25912215,874536,estimate_int,11,868787.2727272727,1084028.0909090908,1006616956.1332097,2.102638173228975,-0.3666021821925227,4.571878528650473,16558,5040526
exploratory,300M-25912215,874536,hybrid_int,11,880622.7272727273,1067264.4545454546,993088155.5923752,3.5301701135150165,1.366247259501434,5.694092967528599,15113,3693334
exploratory,300M-25912216,918764,baseline,11,872380.0909090909,1055338.8181818181,1053169380.6108909,0.0,0.0,0.0,16498,6541333
exploratory,300M-25912216,918764,manual,11,907252.4545454546,1089459.4545454546,1012688359.6697601,4.044306725939703,2.1921404051161386,5.896473046763267,16498,6541333
exploratory,300M-25912216,918764,count,11,917675.1818181818,1120725.6363636365,1001186496.2716557,5.286268193864331,2.860079896993795,7.712456490734867,14816,2316381
exploratory,300M-25912216,918764,estimate,11,909904.1818181818,1135982.7272727273,1009737089.2000017,4.390665223625979,2.0511429430097,6.7301875042422585,17336,5197237
exploratory,300M-25912216,918764,hybrid256,11,920935.3636363636,1103292.3636363635,997642219.2891042,5.652772314090188,3.411195999960993,7.894348628219383,15642,3842453
exploratory,300M-25912216,918764,bounded,11,911096.3636363636,1105100.5454545454,1008415834.6687208,4.531758323595375,2.0062402642036243,7.057276382987126,17377,5547565
exploratory,300M-25912216,918764,native,11,890404.7272727273,1078202.0,1031849867.6597731,2.1320769193460083,0.18047907257277584,4.083674766119241,16498,6541333
exploratory,300M-25912216,918764,u256,11,897435.7272727273,1090461.8181818181,1023765794.116631,2.942197745268341,0.8531687416967229,5.031226748839959,16498,6541333
exploratory,300M-25912216,918764,integers,11,898660.0,1083493.7272727273,1022371085.8389157,3.0662433300367553,1.163137696344377,4.969348963729134,16498,6541333
exploratory,300M-25912216,918764,count_int,11,914127.0909090909,1123766.4545454546,1005072499.3680011,4.860835356134779,2.550027654413258,7.171643057856301,14816,2316381
exploratory,300M-25912216,918764,estimate_int,11,893306.0909090909,1134862.0,1028498528.4999024,2.4664489985506473,0.4499022507469381,4.482995746354357,17336,5197237
exploratory,300M-25912216,918764,hybrid_int,11,907604.3636363636,1090947.0,1012295705.9383503,4.097750206333634,2.2738531428530724,5.921647269814196,15642,3842453
exploratory,300M-25912217,893561,baseline,11,866076.6363636364,1079197.7272727273,1031734332.1391987,0.0,0.0,0.0,16412,6310463
exploratory,300M-25912217,893561,manual,11,901100.9090909091,1078661.0,991632558.557159,3.984447743477579,1.1859700091854433,6.782925477769714,16412,6310463
exploratory,300M-25912217,893561,count,11,912772.9090909091,1118713.0909090908,978952148.0101295,5.414112689476565,4.19705044104353,6.6311749379096,14802,2358599
exploratory,300M-25912217,893561,estimate,11,895141.8181818182,1122986.8181818181,998234002.5348954,3.383292020765976,1.955232378624242,4.81135166290771,17110,5119831
exploratory,300M-25912217,893561,hybrid256,11,907418.3636363636,1100008.9090909092,984728804.053698,4.794942706788336,3.511459654042749,6.078425759533923,15591,3896455
exploratory,300M-25912217,893561,bounded,11,908053.5454545454,1108310.2727272727,984039988.0303415,4.8780475529157785,3.020191533525907,6.73590357230565,17329,5484055
exploratory,300M-25912217,893561,native,11,878876.9090909091,1070161.7272727273,1016707790.0866457,1.5075265328709164,-0.3913623511666866,3.4064154169085192,16412,6310463
exploratory,300M-25912217,893561,u256,11,880086.7272727273,1072356.0909090908,1015310164.6800511,1.6470249314480319,-0.15943411066598911,3.4534839735620526,16412,6310463
exploratory,300M-25912217,893561,integers,11,880534.9090909091,1073148.0,1014793383.856342,1.6999278376873055,-0.14991985143225017,3.549775526806861,16412,6310463
exploratory,300M-25912217,893561,count_int,11,903953.1818181818,1115379.1818181819,988503628.2550837,4.40861116929558,2.465346215053925,6.3518761235372345,14802,2358599
exploratory,300M-25912217,893561,estimate_int,11,871562.6363636364,1100658.6363636365,1025240140.7753618,0.6710403950515051,-0.6183855337553668,1.960466323858377,17110,5119831
exploratory,300M-25912217,893561,hybrid_int,11,898877.7272727273,1079637.6363636365,994085149.613331,3.8172411133536803,1.9386581056727998,5.695824121034561,15591,3896455
exploratory,300M-25912218,897083,baseline,11,946360.1818181818,1181356.0,947929781.1077505,0.0,0.0,0.0,17171,8647894
exploratory,300M-25912218,897083,manual,11,929646.0,1153410.0,964972688.5287519,-1.3352983579202398,-5.390946356135704,2.7203496402952236,17171,8647894
exploratory,300M-25912218,897083,count,11,974066.6363636364,1244527.6363636365,920966766.0407404,3.3259490128581315,-0.5458892125869688,7.197787238303231,15895,2612806
exploratory,300M-25912218,897083,estimate,11,1003410.8181818182,1221069.1818181819,894033613.8945718,5.98407717758097,1.8562943301523855,10.111860025009554,18398,7603446
exploratory,300M-25912218,897083,hybrid256,11,945858.5454545454,1145814.7272727273,948432515.9518375,0.3988402864025555,-3.86996562707176,4.667646199876871,16534,4258430
exploratory,300M-25912218,897083,bounded,11,955940.6363636364,1170507.3636363635,938429611.5002196,1.5366118125836163,-3.5167762802460976,6.58999990541333,17918,7838110
exploratory,300M-25912218,897083,native,11,918528.7272727273,1125968.1818181819,976652088.6761992,-2.4586838076657522,-7.065689532394833,2.148321917063328,17171,8647894
exploratory,300M-25912218,897083,u256,11,920516.0,1131974.2727272727,974543625.531767,-2.2532301487066064,-6.800423739402094,2.293963441988881,17171,8647894
exploratory,300M-25912218,897083,integers,11,928239.7272727273,1160607.1818181819,966434611.2784148,-1.4605294517549228,-5.901260905959269,2.980202002449424,17171,8647894
exploratory,300M-25912218,897083,count_int,11,950240.1818181818,1178828.9090909092,944059214.8855764,0.9083657388759957,-3.844573822701193,5.661305300453185,15895,2612806
exploratory,300M-25912218,897083,estimate_int,11,949523.9090909091,1189041.0909090908,944771365.3244215,0.8155458202649712,-3.7177551230817003,5.348846763611643,18398,7603446
exploratory,300M-25912218,897083,hybrid_int,11,935123.0,1144653.7272727273,959320859.3949673,-0.7043992315318612,-5.395498854190629,3.986700391126907,16534,4258430
exploratory,300M-25912219,864982,baseline,11,864281.7272727273,1061640.4545454546,1000810236.6452689,0.0,0.0,0.0,15456,6035981
exploratory,300M-25912219,864982,manual,11,883469.4545454546,1085923.6363636365,979074030.856034,2.2236413425818027,0.9993342929931224,3.447948392170483,15456,6035981
exploratory,300M-25912219,864982,count,11,935256.0909090909,1144135.4545454546,924861124.5709367,8.209413530014709,6.65969790585542,9.759129154173998,14076,2461853
exploratory,300M-25912219,864982,estimate,11,908626.0,1129073.3636363635,951967035.9421809,5.140527028113308,4.1231159858399575,6.157938070386658,16481,4864525
exploratory,300M-25912219,864982,hybrid256,11,906085.6363636364,1095490.3636363635,954636035.8071713,4.850640601104385,3.507583009944044,6.193698192264726,14764,3936005
exploratory,300M-25912219,864982,bounded,11,901827.0,1098527.9090909092,959144048.6922659,4.347291378898856,2.6292270008169476,6.065355756980764,16243,5103085
exploratory,300M-25912219,864982,native,11,874130.8181818182,1070714.8181818181,989533811.1967638,1.1541830140151805,-1.080036672363743,3.3884027003941037,15456,6035981
exploratory,300M-25912219,864982,u256,11,874635.8181818182,1067802.0909090908,988962471.0295006,1.2115032417335803,-0.07293116304675706,2.4959376465139176,15456,6035981
exploratory,300M-25912219,864982,integers,11,889775.1818181818,1082353.2727272727,972135453.6237806,2.9453465764355418,1.289463171061422,4.601229981809661,15456,6035981
exploratory,300M-25912219,864982,count_int,11,923528.7272727273,1124368.8181818181,936605407.5593061,6.858141085627886,5.218522862801295,8.497759308454476,14076,2461853
exploratory,300M-25912219,864982,estimate_int,11,899369.5454545454,1117365.6363636365,961764832.2334889,4.0617632592239845,2.8516661892512927,5.271860329196676,16481,4864525
exploratory,300M-25912219,864982,hybrid_int,11,905339.1818181818,1087403.9090909092,955423135.7388809,4.753588886619604,3.5887802840458853,5.918397489193323,14764,3936005
exploratory,300M-25912220,855922,baseline,11,847059.3636363636,1038278.6363636364,1010462827.9245857,0.0,0.0,0.0,16030,6085813
exploratory,300M-25912220,855922,manual,11,862324.1818181818,1057174.0909090908,992575667.0714221,1.807486194587476,1.189479805365206,2.425492583809746,16030,6085813
exploratory,300M-25912220,855922,count,11,900919.5454545454,1105163.9090909092,950053758.2056314,6.361828280922577,5.53671705294119,7.186939508903963,14493,2374781
exploratory,300M-25912220,855922,estimate,11,879411.2727272727,1098763.0909090908,973289775.2670071,3.8225457608655526,3.0831101195518666,4.561981402179239,16665,5005717
exploratory,300M-25912220,855922,hybrid256,11,890795.4545454546,1076469.5454545454,960851333.0781987,5.1644331915094766,4.695774255735323,5.63309212728363,15291,3915549
exploratory,300M-25912220,855922,bounded,11,884825.2727272727,1082201.2727272727,967334485.5553403,4.462049637712444,4.049360204551436,4.874739070873452,16815,5359957
exploratory,300M-25912220,855922,native,11,851804.7272727273,1043906.3636363636,1004833587.5529304,0.5633790915408327,0.14041918373087836,0.986338999350787,16030,6085813
exploratory,300M-25912220,855922,u256,11,852521.4545454546,1047010.8181818182,1003988809.2392449,0.6493252363110531,0.07835634950055781,1.2202941231215485,16030,6085813
exploratory,300M-25912220,855922,integers,11,855277.2727272727,1048625.7272727273,1000753822.5243276,0.975165978457613,0.4309202874585053,1.5194116694567206,16030,6085813
exploratory,300M-25912220,855922,count_int,11,893564.2727272727,1116580.0,957874017.7106861,5.4889370795222145,4.310821241358379,6.66705291768605,14493,2374781
exploratory,300M-25912220,855922,estimate_int,11,862801.2727272727,1089382.0,992026816.6671479,1.8599723446285616,1.1549666498536992,2.564978039403424,16665,5005717
exploratory,300M-25912220,855922,hybrid_int,11,877284.2727272727,1064983.6363636365,975649543.2650783,3.572758068697812,3.094176633864894,4.0513395035307305,15291,3915549
exploratory,300M-25912221,838231,baseline,11,869623.0,1061602.8181818181,963901598.7387638,0.0,0.0,0.0,15901,6251675
exploratory,300M-25912221,838231,manual,11,891878.4545454546,1077569.0,939848917.4482907,2.574853615335403,1.7424949863740147,3.4072122442967916,15901,6251675
exploratory,300M-25912221,838231,count,11,934386.6363636364,1147111.5454545454,897092239.313432,7.4726300427669985,5.989274143376685,8.955985942157312,14338,2384259
exploratory,300M-25912221,838231,estimate,11,905996.8181818182,1139928.9090909092,925203028.5075253,4.2273537885436046,2.575607295606149,5.87910028148106,16772,4893875
exploratory,300M-25912221,838231,hybrid256,11,913884.6363636364,1106300.9090909092,917217520.2937391,5.132404545849613,3.2694365834102035,6.995372508289022,15125,3873579
exploratory,300M-25912221,838231,bounded,11,911574.0909090909,1112929.0909090908,919542370.0163004,4.85981374857707,3.0492303738624313,6.670397123291708,16672,5292995
exploratory,300M-25912221,838231,native,11,880827.0909090909,1075235.0,951640802.890011,1.3327828583552292,-0.6718966534441362,3.3374623701545945,15901,6251675
exploratory,300M-25912221,838231,u256,11,879589.2727272727,1076112.8181818181,952980016.9128525,1.1940507209759033,-0.3426437569381817,2.7307451988899882,15901,6251675
exploratory,300M-25912221,838231,integers,11,880065.4545454546,1076683.1818181819,952464382.8145014,1.2427341601700266,-0.14373507059687207,2.629203390936925,15901,6251675
exploratory,300M-25912221,838231,count_int,11,942677.2727272727,1156503.5454545454,889202513.1516137,8.51883180817178,0.6079750227944514,16.42968859354911,14338,2384259
exploratory,300M-25912221,838231,estimate_int,11,886666.2727272727,1109703.3636363635,945373728.2931807,2.013261877745505,0.3179133114637529,3.7086104440272574,16772,4893875
exploratory,300M-25912221,838231,hybrid_int,11,900147.1818181818,1091163.4545454546,931215491.1232194,3.5349871360651868,2.611258756750498,4.458715515379875,15125,3873579
exploratory,300M-25912222,883396,baseline,11,855180.3636363636,1043051.8181818182,1032993784.1926807,0.0,0.0,0.0,16451,6352545
exploratory,300M-25912222,883396,manual,11,886889.9090909091,1096805.1818181819,996060492.9032394,3.731688157537623,2.149968571319146,5.3134077437561,16451,6352545
exploratory,300M-25912222,883396,count,11,910579.3636363636,1111355.4545454546,970147178.025419,6.4991372216420915,4.3036083285375675,8.694666114746616,14755,2307561
exploratory,300M-25912222,883396,estimate,11,917108.0909090909,1164857.6363636365,963240875.0470476,7.283779104613524,3.307472072950512,11.260086136276536,17270,5124553
exploratory,300M-25912222,883396,hybrid256,11,900746.6363636364,1080974.0,980737495.2476294,5.3445706138764635,3.932140682430126,6.757000545322801,15593,3845785
exploratory,300M-25912222,883396,bounded,11,900595.0909090909,1160597.5454545454,980902526.470881,5.338844016637106,3.530903285613258,7.146784747660954,17300,5517353
exploratory,300M-25912222,883396,native,11,917152.7272727273,1116839.2727272727,963193995.6466058,7.279494726232413,-3.8465336836178405,18.405523136082664,16451,6352545
exploratory,300M-25912222,883396,u256,11,906751.3636363636,1104371.0909090908,974242813.8815241,6.071089758595034,-2.009604431782903,14.15178394897297,16451,6352545
exploratory,300M-25912222,883396,integers,11,874555.0909090909,1079820.0,1010109036.2205988,2.28782425887502,0.7369352797784816,3.8387132379715587,16451,6352545
exploratory,300M-25912222,883396,count_int,11,895163.1818181818,1113744.7272727273,986854707.5469735,4.6984716874775225,3.3135322659487847,6.08341110900626,14755,2307561
exploratory,300M-25912222,883396,estimate_int,11,881937.3636363636,1104100.0,1001653900.1790583,3.1467550339002996,1.5672859917385462,4.726224076062053,17270,5124553
exploratory,300M-25912222,883396,hybrid_int,11,899562.9090909091,1084845.0909090908,982028039.4761416,5.206448334459169,2.3302226368980596,8.082674032020279,15593,3845785
exploratory,300M-25912223,799048,baseline,11,816226.6363636364,984228.7272727273,978953594.9963987,0.0,0.0,0.0,15255,6029838
exploratory,300M-25912223,799048,manual,11,841021.3636363636,1018279.7272727273,950092393.069682,3.0631711118514464,1.5977879790731073,4.5285542446297855,15255,6029838
exploratory,300M-25912223,799048,count,11,874979.5454545454,1069833.9090909092,913219062.2637932,7.219052632168056,6.000721201623607,8.437384062712505,13638,2140310
exploratory,300M-25912223,799048,estimate,11,858878.8181818182,1073203.0909090908,930338463.4534642,5.25475609016762,3.696603234631418,6.812908945703821,15869,4713694
exploratory,300M-25912223,799048,hybrid256,11,861792.6363636364,1034275.9090909091,927192884.0928724,5.6211388921419685,3.5300027120187067,7.71227507226523,14423,3554966
exploratory,300M-25912223,799048,bounded,11,858603.7272727273,1043534.8181818182,930636537.6937038,5.230633812006105,3.3726868661043086,7.088580757907902,16062,5161326
exploratory,300M-25912223,799048,native,11,831243.3636363636,1009049.0909090909,961268426.2578392,1.8910339989381297,-0.397295885046157,4.1793638829224165,15255,6029838
exploratory,300M-25912223,799048,u256,11,836863.1818181818,1017591.2727272727,954813184.9509451,2.5738446310228924,0.29154454103134286,4.8561447210144415,15255,6029838
exploratory,300M-25912223,799048,integers,11,838270.2727272727,1017513.2727272727,953210469.2205476,2.7155195451682395,0.9683679081333774,4.462671182203102,15255,6029838
exploratory,300M-25912223,799048,count_int,11,867442.6363636364,1063825.7272727273,921153706.8890802,6.306887918420486,4.494026757923542,8.11974907891743,13638,2140310
exploratory,300M-25912223,799048,estimate_int,11,842849.1818181818,1062568.0,948032005.2945955,3.2766650884997106,1.5935773542105929,4.959752822788828,15869,4713694
exploratory,300M-25912223,799048,hybrid_int,11,854290.5454545454,1027272.1818181818,935335178.7064993,4.664923282619967,3.3733312986693544,5.95651526657058,14423,3554966
exploratory,300M-25912224,968500,baseline,11,955261.6363636364,1136744.5454545454,1013858364.1721002,0.0,0.0,0.0,16579,8760971
exploratory,300M-25912224,968500,manual,11,951458.6363636364,1153132.3636363635,1017910777.1846958,-0.07593915897353395,-3.6963309388871046,3.544452620940037,16579,8760971
exploratory,300M-25912224,968500,count,11,973219.6363636364,1186738.6363636365,995150492.0500053,2.2333810365881517,-1.6971364732919145,6.163898546468218,15363,2724387
exploratory,300M-25912224,968500,estimate,11,995602.1818181818,1250925.3636363635,972778101.2204218,4.553113935387411,0.7927704545752738,8.313457416199547,17936,7631483
exploratory,300M-25912224,968500,hybrid256,11,947083.6363636364,1148952.4545454546,1022612959.208748,-0.49944923282498704,-4.420095548037367,3.4211970823873936,15937,4324395
exploratory,300M-25912224,968500,bounded,11,963399.4545454546,1166279.0909090908,1005294320.4716178,1.2240746760879777,-2.9129551228896258,5.361104475065581,17086,7781227
exploratory,300M-25912224,968500,native,11,934462.9090909091,1135927.9090909092,1036424228.9104913,-1.8230322884872574,-5.701423286515182,2.055358709540667,16579,8760971
exploratory,300M-25912224,968500,u256,11,940653.6363636364,1141261.2727272727,1029603206.2811257,-1.1765105551200998,-5.0431246317950436,2.6901035215548434,16579,8760971
exploratory,300M-25912224,968500,integers,11,950642.7272727273,1154059.8181818181,1018784420.4925472,-0.1070381400086095,-4.241434457438523,4.027358177421305,16579,8760971
exploratory,300M-25912224,968500,count_int,11,966965.5454545454,1182946.3636363635,1001586876.1329374,1.571102242269899,-2.4504232113412634,5.5926276958810615,15363,2724387
exploratory,300M-25912224,968500,estimate_int,11,980343.0909090909,1210875.9090909092,987919442.6737801,2.9790944830601407,-1.0420264764680627,7.000215442588344,17936,7631483
exploratory,300M-25912224,968500,hybrid_int,11,947080.7272727273,1186955.9090909092,1022616100.3074712,-0.549273707916292,-4.101096156255399,3.002548740422815,15937,4324395
exploratory,300M-25912225,929279,baseline,11,934234.3636363636,1146694.6363636365,994695802.4354022,0.0,0.0,0.0,16934,8670857
exploratory,300M-25912225,929279,manual,11,943489.3636363636,1154166.6363636365,984938501.4987402,1.020083296724134,-0.36218414200118,2.402350735449448,16934,8670857
exploratory,300M-25912225,929279,count,11,967439.5454545454,1194693.2727272727,960555111.0311333,3.5815925020533483,2.586098607871469,4.577086396235228,15583,2658705
exploratory,300M-25912225,929279,estimate,11,984852.9090909091,1230444.4545454546,943571361.1871159,5.429594834362937,3.577280104963939,7.281909563761935,17898,7575865
exploratory,300M-25912225,929279,hybrid256,11,953726.7272727273,1152703.3636363635,974366108.6833144,2.0931193272889868,1.4030447862145987,2.783193868363375,16218,4284753
exploratory,300M-25912225,929279,bounded,11,965846.1818181818,1182160.1818181819,962139745.9486303,3.3938936299519655,2.9323514585378896,3.8554358013660415,17535,7891153
exploratory,300M-25912225,929279,native,11,932185.9090909091,1147232.3636363635,996881620.8627913,-0.2029161921870334,-0.8145447126844687,0.40871232831040194,16934,8670857
exploratory,300M-25912225,929279,u256,11,933038.1818181818,1145800.6363636365,995971031.0987955,-0.13210546506541904,-0.4529671570243952,0.18875622689355714,16934,8670857
exploratory,300M-25912225,929279,integers,11,943723.1818181818,1154804.2727272727,984694471.7513947,1.024700119713031,0.3045259000346444,1.7448743393914175,16934,8670857
exploratory,300M-25912225,929279,count_int,11,957372.2727272727,1177537.5454545454,970655852.9763525,2.4824412773773887,2.005300236842596,2.9595823179121816,15583,2658705
exploratory,300M-25912225,929279,estimate_int,11,956217.4545454546,1194070.0,971828108.3268241,2.390553936978472,1.0358308365251183,3.7452770374318254,17898,7575865
exploratory,300M-25912225,929279,hybrid_int,11,940010.8181818182,1142187.0909090908,988583303.5383828,0.615421114488039,0.2230151261569318,1.0078271028191463,16218,4284753
exploratory,300M-25912226,850837,baseline,11,827146.1818181818,1012156.2727272727,1028641633.973021,0.0,0.0,0.0,14810,6034717
exploratory,300M-25912226,850837,manual,11,843664.1818181818,1052957.3636363635,1008501982.5854881,2.0129179468262235,0.7259763183762986,3.299859575276148,14810,6034717
exploratory,300M-25912226,850837,count,11,869092.3636363636,1068055.7272727273,978994909.6319504,5.098387317741605,3.8856850633054814,6.311089572177729,13528,2312373
exploratory,300M-25912226,850837,estimate,11,853022.7272727273,1086293.2727272727,997437668.1853303,3.1550773863093675,1.9120264119877335,4.398128360631001,15509,4691253
exploratory,300M-25912226,850837,hybrid256,11,868209.9090909091,1035677.2727272727,979989966.8167806,4.927473987368037,0.7665958615872066,9.088352113148868,14116,3714749
exploratory,300M-25912226,850837,bounded,11,869532.9090909091,1059861.2727272727,978498905.6820685,5.162689433370284,1.2650179261980363,9.060360940542532,15505,5089317
exploratory,300M-25912226,850837,native,11,839600.7272727273,1016478.8181818182,1013382876.3628772,1.5431785475420334,-0.4988116589732632,3.58516875405733,14810,6034717
exploratory,300M-25912226,850837,u256,11,837409.0909090909,1015639.0,1016035064.8645715,1.268243594649554,-0.2426483788487892,2.7791355681478973,14810,6034717
exploratory,300M-25912226,850837,integers,11,837519.6363636364,1029442.0,1015900956.8947963,1.295084171554297,-0.9391894610566507,3.5293578041652447,14810,6034717
exploratory,300M-25912226,850837,count_int,11,855641.4545454546,1059077.7272727273,994384967.5352547,3.463066735319765,2.380539006579206,4.545594464060324,13528,2312373
exploratory,300M-25912226,850837,estimate_int,11,839616.9090909091,1044892.6363636364,1013363345.5777344,1.5225641302915058,-0.6314064617940087,3.6765347223770206,15509,4691253
exploratory,300M-25912226,850837,hybrid_int,11,846087.7272727273,1012836.4545454546,1005613215.478945,2.321940169014366,-0.17455715813003136,4.818437496158763,14116,3714749
exploratory,300M-25912227,934075,baseline,11,859339.1818181818,1055515.9090909092,1086968940.5104198,0.0,0.0,0.0,16326,6468953
exploratory,300M-25912227,934075,manual,11,893980.6363636364,1080707.0909090908,1044849252.8870109,4.029040287611907,3.0711481610330296,4.986932414190784,16326,6468953
exploratory,300M-25912227,934075,count,11,909762.5454545454,1117808.6363636365,1026723956.3410553,5.871895445304124,5.2222795475627235,6.521511343045524,14756,2403345
exploratory,300M-25912227,934075,estimate,11,905551.5454545454,1133124.1818181819,1031498432.8486096,5.377565607391989,4.840942616802971,5.914188597981006,17013,5206449
exploratory,300M-25912227,934075,hybrid256,11,906872.0909090909,1095623.2727272727,1029996412.2433623,5.531074822926805,4.768672942750627,6.293476703102983,15498,3935841
exploratory,300M-25912227,934075,bounded,11,907897.4545454546,1106684.6363636365,1028833152.1621585,5.655128737273342,5.186388320965855,6.12386915358083,17117,5596793
exploratory,300M-25912227,934075,native,11,874356.0909090909,1066614.4545454546,1068300443.8487045,1.7508913614137938,1.2994591615013362,2.202323561326251,16326,6468953
exploratory,300M-25912227,934075,u256,11,889530.2727272727,1106667.7272727273,1050076685.0083185,3.5048978279094265,1.8312755289908065,5.1785201268280465,16326,6468953
exploratory,300M-25912227,934075,integers,11,885124.7272727273,1075464.8181818181,1055303248.4790022,3.001539286001067,2.378468611806458,3.624609960195676,16326,6468953
exploratory,300M-25912227,934075,count_int,11,923926.1818181818,1113916.2727272727,1010984447.0061953,7.504646401297827,2.2714327807718977,12.737860021823757,14756,2403345
exploratory,300M-25912227,934075,estimate_int,11,889904.4545454546,1118727.8181818181,1049635154.9078455,3.557743361194785,3.0661111814850517,4.049375540904519,17013,5206449
exploratory,300M-25912227,934075,hybrid_int,11,892525.2727272727,1081173.9090909092,1046552998.040901,3.866318904053403,2.851232405086069,4.881405403020737,15498,3935841
exploratory,300M-25912228,859214,baseline,11,883665.0909090909,1075448.2727272727,972329911.9082136,0.0,0.0,0.0,16286,6336707
exploratory,300M-25912228,859214,manual,11,896169.4545454546,1116403.7272727273,958762871.9568458,1.4359394681212845,0.48795874009677687,2.383920196145792,16286,6336707
exploratory,300M-25912228,859214,count,11,947645.4545454546,1164218.1818181819,906682975.0290192,7.183375621330692,4.2313556555887235,10.13539558707266,14709,2413995
exploratory,300M-25912228,859214,estimate,11,930152.9090909091,1148943.0909090908,923734142.6365675,5.275811542043677,3.447940411865896,7.103682672221457,17200,4932011
exploratory,300M-25912228,859214,hybrid256,11,922966.8181818182,1104835.1818181819,930926207.826835,4.482073581884878,1.986327731618203,6.977819432151552,15465,3930251
exploratory,300M-25912228,859214,bounded,11,918192.0909090909,1119473.2727272727,935767154.2882738,3.931925651865731,2.758092473494089,5.105758830237373,17048,5421755
exploratory,300M-25912228,859214,native,11,892012.4545454546,1099372.0,963230945.5116658,0.9729960742051973,-0.4466567401106063,2.392648888521001,16286,6336707
exploratory,300M-25912228,859214,u256,11,891759.1818181818,1088981.7272727273,963504517.2713262,0.9355190084794998,-0.0248294885134952,1.8958675054724947,16286,6336707
exploratory,300M-25912228,859214,integers,11,891569.5454545454,1089525.9090909092,963709454.1648462,0.9202297163374951,-0.21358874831537444,2.054048180990365,16286,6336707
exploratory,300M-25912228,859214,count_int,11,926309.9090909091,1132241.5454545454,927566456.5040034,4.8581428090481324,2.3620711840040514,7.3542144340922135,14709,2413995
exploratory,300M-25912228,859214,estimate_int,11,911817.2727272727,1144632.1818181819,942309414.0672125,3.170873896653611,2.3712303809540622,3.97051741235316,17200,4932011
exploratory,300M-25912228,859214,hybrid_int,11,901722.5454545454,1111919.6363636365,952858508.7854075,2.065192672960946,1.1025194040022583,3.027865941919634,15465,3930251
exploratory,300M-25912229,836897,baseline,11,832415.1818181818,1016080.3636363636,1005384113.9370247,0.0,0.0,0.0,15988,6261055
exploratory,300M-25912229,836897,manual,11,859268.0,1040453.5454545454,973965049.32105,3.2255064969557092,2.8852179550916794,3.565795038819739,15988,6261055
exploratory,300M-25912229,836897,count,11,880597.0,1082634.1818181819,950374575.4300776,5.788836311127589,5.341269617890841,6.2364030043643375,14455,2276623
exploratory,300M-25912229,836897,estimate,11,882853.1818181818,1097929.0909090908,947945838.8273146,6.060688897123537,5.4658745335713075,6.655503260675767,16994,4911455
exploratory,300M-25912229,836897,hybrid256,11,869975.4545454546,1051162.8181818181,961977715.1497482,4.513032804681873,4.219447923633025,4.806617685730721,15177,3748023
exploratory,300M-25912229,836897,bounded,11,874169.5454545454,1063484.2727272727,957362338.1775846,5.018986638286958,4.320833304747693,5.7171399718262235,16738,5368711
exploratory,300M-25912229,836897,native,11,854915.0,1039874.7272727273,978924220.5365446,2.703306487664703,1.7172097211423742,3.6894032541870314,15988,6261055
exploratory,300M-25912229,836897,u256,11,854669.1818181818,1039180.2727272727,979205776.6955231,2.675165626295823,2.1203188642244974,3.2300123883671485,15988,6261055
exploratory,300M-25912229,836897,integers,11,853517.5454545454,1038328.6363636364,980527002.001237,2.536530439261824,2.091781330341328,2.98127954818232,15988,6261055
exploratory,300M-25912229,836897,count_int,11,869477.6363636364,1073342.4545454546,962528494.1198759,4.455201169600214,3.9500130771917465,4.960389262008681,14455,2276623
exploratory,300M-25912229,836897,estimate_int,11,866069.7272727273,1089904.0,966315960.0733386,4.044262585823185,3.5163910361473576,4.572134135499013,16994,4911455
exploratory,300M-25912229,836897,hybrid_int,11,863872.6363636364,1037093.2727272727,968773595.5184472,3.7801347042468048,2.963712179934964,4.596557228558646,15177,3748023
exploratory,300M-25912230,885901,baseline,11,852499.1818181818,1052255.0,1039181055.9988807,0.0,0.0,0.0,16753,6220162
exploratory,300M-25912230,885901,manual,11,876758.7272727273,1080969.0,1010427352.9796629,2.8540609505400867,1.5919053723827226,4.116216528697451,16753,6220162
exploratory,300M-25912230,885901,count,11,909937.8181818182,1128223.0,973584109.0440146,6.7458488402576275,5.0785488715477305,8.413148808967525,15367,2365322
exploratory,300M-25912230,885901,estimate,11,886460.6363636364,1118762.4545454546,999368684.4731966,3.9958522949341364,3.0017998382217606,4.989904751646512,17360,5044802
exploratory,300M-25912230,885901,hybrid256,11,894492.4545454546,1082480.8181818181,990395162.6402255,4.935714318435285,3.825822691675998,6.0456059451945725,16016,3905746
exploratory,300M-25912230,885901,bounded,11,904171.6363636364,1113705.0909090908,979792955.6415677,6.0635437864541775,5.074920836732623,7.052166736175732,17484,5351122
exploratory,300M-25912230,885901,native,11,870135.1818181818,1081785.3636363635,1018118814.7672353,2.0778890572291884,0.8174310541587666,3.3383470602996104,16753,6220162
exploratory,300M-25912230,885901,u256,11,880295.7272727273,1073984.2727272727,1006367488.2810559,3.2706184963395004,1.2719845099436653,5.269252482735336,16753,6220162
exploratory,300M-25912230,885901,integers,11,879283.2727272727,1081987.3636363635,1007526274.4987757,3.1517902478194535,1.167206717881971,5.136373777756936,16753,6220162
exploratory,300M-25912230,885901,count_int,11,896685.5454545454,1109604.8181818181,987972879.1110617,5.190256706049247,4.023000308999583,6.357513103098912,15367,2365322
exploratory,300M-25912230,885901,estimate_int,11,868161.5454545454,1101260.0909090908,1020433356.7160784,1.847189009737686,1.0221677705457446,2.6722102489296273,17360,5044802
exploratory,300M-25912230,885901,hybrid_int,11,877843.3636363636,1069823.8181818181,1009178899.9010695,2.9818991399293204,1.8384964066751615,4.12530187318348,16016,3905746
exploratory,300M-25912231,876447,baseline,11,870868.2727272727,1079386.8181818181,1006405936.9797186,0.0,0.0,0.0,17536,6360957
exploratory,300M-25912231,876447,manual,11,895115.8181818182,1111057.9090909092,979143684.1997287,2.792371542234975,1.5213282721534886,4.063414812316461,17536,6360957
exploratory,300M-25912231,876447,count,11,924490.5454545454,1139756.4545454546,948032410.1844397,6.114974393598787,2.825638758154191,9.404310029043382,16162,2359701
exploratory,300M-25912231,876447,estimate,11,896082.4545454546,1142617.0909090908,978087446.7010797,2.8907262425687903,1.8130824525788467,3.9683700325587337,18025,5054253
exploratory,300M-25912231,876447,hybrid256,11,911339.6363636364,1110562.6363636365,961712807.2001098,4.678739201836159,2.724852055291412,6.632626348380905,16807,3967405
exploratory,300M-25912231,876447,bounded,11,914472.7272727273,1125578.4545454546,958417866.2319071,5.023063874004825,3.2415903473369676,6.8045374006726815,18265,5443349
exploratory,300M-25912231,876447,native,11,871043.3636363636,1081754.8181818181,1006203636.4539622,0.049532300513269394,-1.9512791014572783,2.050343702483817,17536,6360957
exploratory,300M-25912231,876447,u256,11,884291.3636363636,1095634.6363636365,991129209.2641206,1.5857083528666287,-0.8213778925300312,3.9927945982632886,17536,6360957
exploratory,300M-25912231,876447,integers,11,884167.3636363636,1084647.1818181819,991268210.1218804,1.544847357168666,-0.5155415145676572,3.6052362289049893,17536,6360957
exploratory,300M-25912231,876447,count_int,11,891942.7272727273,1114468.6363636365,982626992.9683622,2.415238313686447,1.510240371226121,3.320236256146773,16162,2359701
exploratory,300M-25912231,876447,estimate_int,11,866130.8181818182,1109739.0909090908,1011910650.9104912,-0.545183568249654,-1.1414955124324515,0.051128375933143455,18025,5054253
exploratory,300M-25912231,876447,hybrid_int,11,894041.0,1083434.0,980320813.0275905,2.6628792680812063,-1.9640456991217636,7.289804235284176,16807,3967405
exploratory,scaled-2x,1689628,baseline,11,1643197.2727272727,2009411.8181818181,1028256331.7523432,0.0,0.0,0.0,30763,12221504
exploratory,scaled-2x,1689628,manual,11,1717899.9090909092,2064506.6363636365,983542749.5273166,4.55357101184343,1.6832572020513918,7.423884821635468,30763,12221504
exploratory,scaled-2x,1689628,count,11,1725031.7272727273,2140425.1818181816,979476477.613139,4.9874498280234505,4.2237455956330745,5.7511540604138265,27741,4568528
exploratory,scaled-2x,1689628,estimate,11,1746788.0909090908,2126521.8181818184,967277031.9384633,6.3355292603600875,-0.02938167281115245,12.700440193531328,32059,10446080
exploratory,scaled-2x,1689628,hybrid256,11,1722583.0,2083390.4545454546,980868846.3777943,4.841865097722174,3.6736703221836793,6.010059873260668,29211,7410240
exploratory,scaled-2x,1689628,bounded,11,1730333.6363636365,2144454.727272727,976475267.2500888,5.306497333747863,4.8147043043866224,5.798290363109104,32537,11107136
exploratory,scaled-2x,1689628,native,11,1650917.0909090908,2016955.5454545454,1023448124.2601908,0.47829265843108376,-0.28417874069157006,1.2407640575537375,30763,12221504
exploratory,scaled-2x,1689628,u256,11,1658178.9090909092,2027681.2727272727,1018966042.0456878,0.9205483831277143,0.1534685002919126,1.6876282659635158,30763,12221504
exploratory,scaled-2x,1689628,integers,11,1665399.9090909092,2027794.1818181819,1014547911.7519084,1.3607629937620385,0.40817214740858065,2.3133538401154965,30763,12221504
exploratory,scaled-2x,1689628,count_int,11,1704721.3636363635,2113810.4545454546,991146140.384979,3.7507221732939238,3.028575691531147,4.4728686550567005,27741,4568528
exploratory,scaled-2x,1689628,estimate_int,11,1732316.0,2095289.9090909092,975357844.6426634,5.4317291826898675,-4.179468496683164,15.042926862062899,32059,10446080
exploratory,scaled-2x,1689628,hybrid_int,11,1701024.6363636365,2066838.8181818181,993300134.4483759,3.520071761772155,2.8767723258759723,4.163371197668337,29211,7410240
exploratory,scaled-4x,3379252,baseline,11,3313204.3636363638,4155649.272727273,1019934670.2209297,0.0,0.0,0.0,61514,24443584
exploratory,scaled-4x,3379252,manual,11,3406750.272727273,4184152.8181818184,991928298.0770824,2.8429668910082118,0.3215130604724643,5.36442072154396,61514,24443584
exploratory,scaled-4x,3379252,count,11,3463270.4545454546,4229345.7272727275,975740140.5266566,4.553815913635885,2.3409255297157423,6.766706297556029,55481,9137056
exploratory,scaled-4x,3379252,estimate,11,3403523.727272727,4254723.545454546,992868647.5495276,2.729807472755327,1.2169065844614706,4.242708361049184,64116,21481984
exploratory,scaled-4x,3379252,hybrid256,11,3491069.5454545454,4177528.8181818184,967970404.4853147,5.3674946478742305,2.9949899949902483,7.739999300758212,58421,14820480
exploratory,scaled-4x,3379252,bounded,11,3535790.909090909,4370648.7272727275,955727328.5904915,6.730393630610258,4.6483876970835984,8.812399564136918,65072,22804096
exploratory,scaled-4x,3379252,native,11,3364390.727272727,4357539.909090909,1004417225.5638453,1.543911239080552,-0.09340005189385758,3.1812225300549617,61514,24443584
exploratory,scaled-4x,3379252,u256,11,3401308.8181818184,4242305.7272727275,993515196.8371961,2.654082584496953,1.4207881895483925,3.8873769794455133,61514,24443584
exploratory,scaled-4x,3379252,integers,11,3411230.727272727,4356159.636363637,990625457.5461408,2.9768832342837923,-0.7678042350532737,6.721570703620858,61514,24443584
exploratory,scaled-4x,3379252,count_int,11,3456988.909090909,4258671.363636363,977513115.854528,4.321705860025663,2.220688802009998,6.422722918041328,55481,9137056
exploratory,scaled-4x,3379252,estimate_int,11,3419721.909090909,4366039.181818182,988165730.9668003,3.2027078525426904,0.29507920481009453,6.110336500275286,64116,21481984
exploratory,scaled-4x,3379252,hybrid_int,11,3445746.3636363638,4196375.090909091,980702478.7610337,4.001451880143764,2.619245383325919,5.38365837696161,58421,14820480
exploratory,scaled-accounts-1,28,baseline,11,54.63636363636363,42.09090909090909,512479201.3311148,0.0,0.0,0.0,1,576
exploratory,scaled-accounts-1,28,manual,11,42.54545454545455,31.09090909090909,658119658.1196581,-22.113559840832565,-23.588476942549452,-20.638642739115678,1,576
exploratory,scaled-accounts-1,28,count,11,56.36363636363637,42.81818181818182,496774193.54838705,3.174165901438623,1.8135931370919145,4.534738665785332,1,144
exploratory,scaled-accounts-1,28,estimate,11,47.54545454545455,35.18181818181818,588910133.8432122,-12.957825003279552,-14.568075747784203,-11.347574258774902,1,576
exploratory,scaled-accounts-1,28,hybrid256,11,47.54545454545455,35.27272727272727,588910133.8432122,-12.963837509292059,-14.172989918129627,-11.754685100454491,1,576
exploratory,scaled-accounts-1,28,bounded,11,47.45454545454545,35.45454545454545,590038314.1762452,-13.1231142594779,-15.327040344916313,-10.919188174039487,1,576
exploratory,scaled-accounts-1,28,native,11,44.18181818181818,32.09090909090909,633744855.9670782,-19.113647295465476,-21.177773123536586,-17.049521467394367,1,576
exploratory,scaled-accounts-1,28,u256,11,43.36363636363637,32.09090909090909,645702306.0796645,-20.622676986313348,-21.63387690789481,-19.611477064731886,1,576
exploratory,scaled-accounts-1,28,integers,11,43.90909090909091,32.27272727272727,637681159.4202899,-19.627880536971446,-20.671876715955563,-18.58388435798733,1,576
exploratory,scaled-accounts-1,28,count_int,11,54.63636363636363,43.09090909090909,512479201.3311148,0.015195242467970115,-1.447301575528613,1.4776920604645534,1,144
exploratory,scaled-accounts-1,28,estimate_int,11,47.27272727272727,35.09090909090909,592307692.3076923,-13.465936420481878,-14.365529048173988,-12.566343792789768,1,576
exploratory,scaled-accounts-1,28,hybrid_int,11,47.45454545454545,35.63636363636363,590038314.1762452,-13.135248589794049,-13.982469762810693,-12.288027416777405,1,576
exploratory,scaled-accounts-1024,151840,baseline,11,118349.45454545454,139052.9090909091,1282980142.0139432,0.0,0.0,0.0,2526,893546
exploratory,scaled-accounts-1024,151840,manual,11,119254.09090909091,139384.45454545456,1273247725.4449055,0.7642783892844602,-0.32665496935833715,1.8552117479272576,2526,893546
exploratory,scaled-accounts-1024,151840,count,11,126338.90909090909,147213.0909090909,1201846692.3023787,6.758315672758718,5.5796001585456025,7.937031186971833,2257,370730
exploratory,scaled-accounts-1024,151840,estimate,11,135930.27272727274,162815.27272727274,1117043296.93098,14.866277542242313,13.642683708513527,16.0898713759711,2561,865786
exploratory,scaled-accounts-1024,151840,hybrid256,11,134419.45454545456,157658.0909090909,1129598394.1718392,13.592650225501693,12.456705833015558,14.728594617987827,2369,602234
exploratory,scaled-accounts-1024,151840,bounded,11,132551.36363636365,155742.0909090909,1145518203.92095,12.005632697997004,11.3040607667016,12.70720462929241,2688,694146
exploratory,scaled-accounts-1024,151840,native,11,122058.27272727272,140919.81818181818,1243995975.0968428,3.143811850373141,0.35533439222541663,5.932289308520866,2526,893546
exploratory,scaled-accounts-1024,151840,u256,11,119759.54545454546,141208.27272727274,1267873883.6532295,1.1966650575583861,-0.5334485080528459,2.9267786231696182,2526,893546
exploratory,scaled-accounts-1024,151840,integers,11,121480.81818181818,142825.27272727274,1249909263.6398265,2.6522723583345447,-0.05291192823057367,5.3574566448996634,2526,893546
exploratory,scaled-accounts-1024,151840,count_int,11,126677.63636363637,146351.18181818182,1198633037.0432034,7.050564039514568,4.22265901860828,9.878469060420855,2257,370730
exploratory,scaled-accounts-1024,151840,estimate_int,11,134155.36363636365,160778.63636363635,1131822059.7692363,13.354936200662117,11.415930551533764,15.29394184979047,2561,865786
exploratory,scaled-accounts-1024,151840,hybrid_int,11,132556.0,155282.9090909091,1145478137.5418692,12.004585693253135,10.86242973436796,13.14674165213831,2369,602234
exploratory,scaled-accounts-16,4209,baseline,11,2645.3636363636365,2907.2727272727275,1591085604.3162994,0.0,0.0,0.0,58,17280
exploratory,scaled-accounts-16,4209,manual,11,2575.181818181818,2941.4545454545455,1634447700.0741343,-2.259754816734293,-6.505616570405939,1.9861069369373525,58,17280
exploratory,scaled-accounts-16,4209,count,11,2561.818181818182,2753.4545454545455,1642973740.2413058,-2.784750553042581,-7.147819827873564,1.5783187217884014,46,7880
exploratory,scaled-accounts-16,4209,estimate,11,2091.2727272727275,2237.3636363636365,2012649973.9175794,-20.601697842673286,-25.497385275661255,-15.706010409685316,47,13504
exploratory,scaled-accounts-16,4209,hybrid256,11,2748.7272727272725,3087.090909090909,1531254134.1447282,4.347851120741244,-1.902617252894113,10.5983194943766,50,13000
exploratory,scaled-accounts-16,4209,bounded,11,2648.909090909091,2995.4545454545455,1588956002.471,0.5574567235405198,-5.536203128033178,6.6511165751142185,58,15408
exploratory,scaled-accounts-16,4209,native,11,2697.0,2961.090909090909,1560622914.349277,2.3878591868630625,-3.533251618628655,8.308969992354779,58,17280
exploratory,scaled-accounts-16,4209,u256,11,2709.090909090909,3012.6363636363635,1553657718.1208055,2.8560397192400444,-2.067256739371831,7.77933617785192,58,17280
exploratory,scaled-accounts-16,4209,integers,11,2561.3636363636365,2916.909090909091,1643265306.122449,-2.825437280625157,-6.483275048948059,0.8324004876977456,58,17280
exploratory,scaled-accounts-16,4209,count_int,11,2692.818181818182,2817.4545454545455,1563046487.289423,2.237780464046522,-3.311918127408262,7.787479055501306,46,7880
exploratory,scaled-accounts-16,4209,estimate_int,11,2013.090909090909,2195.0,2090814667.6300578,-23.625447341641326,-26.78510244323253,-20.46579224005012,47,13504
exploratory,scaled-accounts-16,4209,hybrid_int,11,2631.818181818182,2971.181818181818,1599274611.3989637,-0.15906143289635893,-4.37736621202403,4.0592433462313116,50,13000
exploratory,scaled-accounts-256,73119,baseline,11,46720.181818181816,54201.72727272727,1565040998.439452,0.0,0.0,0.0,1034,391671
exploratory,scaled-accounts-256,73119,manual,11,48282.90909090909,56219.36363636364,1514386796.0053625,3.3531300670588524,1.9272681240739038,4.778992010043801,1034,391671
exploratory,scaled-accounts-256,73119,count,11,53549.36363636364,57334.09090909091,1365450400.0556834,14.624070188211377,13.3470634032042,15.901076973218554,916,148343
exploratory,scaled-accounts-256,73119,estimate,11,50366.72727272727,59869.454545454544,1451732204.1607554,7.818312016654366,6.1803692337424625,9.456254799566269,984,272831
exploratory,scaled-accounts-256,73119,hybrid256,11,50845.09090909091,58176.454545454544,1438073935.805012,8.840432576184842,5.838024895267695,11.842840257101988,952,246951
exploratory,scaled-accounts-256,73119,bounded,11,52491.09090909091,60586.27272727273,1392979241.4989903,12.364690606805011,11.150343754284886,13.579037459325136,1079,337935
exploratory,scaled-accounts-256,73119,native,11,48389.545454545456,55889.818181818184,1511049531.7358181,3.5849032787497546,2.073413886227006,5.096392671272503,1034,391671
exploratory,scaled-accounts-256,73119,u256,11,48912.818181818184,56589.818181818184,1494884218.8606443,4.708744447834342,2.75095903181027,6.666529863858415,1034,391671
exploratory,scaled-accounts-256,73119,integers,11,48811.90909090909,56831.545454545456,1497974600.0882795,4.488178711441342,2.999646210169624,5.9767112127130595,1034,391671
exploratory,scaled-accounts-256,73119,count_int,11,53542.27272727273,57554.454545454544,1365631234.4536602,14.6180928155775,12.967744641119127,16.26844099003587,916,148343
exploratory,scaled-accounts-256,73119,estimate_int,11,50085.545454545456,59801.36363636364,1459882274.1455073,7.216127078340172,6.019849335061728,8.412404821618615,984,272831
exploratory,scaled-accounts-256,73119,hybrid_int,11,49670.454545454544,56906.90909090909,1472082361.015786,6.327993835216821,5.048542182307847,7.607445488125795,952,246951
exploratory,scaled-accounts-4,110,baseline,11,154.54545454545453,141.72727272727272,711764705.882353,0.0,0.0,0.0,1,576
exploratory,scaled-accounts-4,110,manual,11,106.27272727272727,99.81818181818181,1035072711.7194184,-31.229903209056715,-31.943553312759228,-30.516253105354203,1,576
exploratory,scaled-accounts-4,110,count,11,148.63636363636363,144.1818181818182,740061162.0795108,-3.8176097934769513,-5.075926986040626,-2.5592926009132766,1,576
exploratory,scaled-accounts-4,110,estimate,11,123.63636363636364,116.54545454545455,889705882.3529412,-19.993967155693678,-20.71111401162181,-19.276820299765546,1,576
exploratory,scaled-accounts-4,110,hybrid256,11,120.72727272727273,115.81818181818181,911144578.3132529,-21.8762445108985,-22.417250484051067,-21.33523853774593,1,576
exploratory,scaled-accounts-4,110,bounded,11,123.45454545454545,118.36363636363636,891016200.2945508,-20.117695694861126,-20.39388865609114,-19.841502733631113,1,576
exploratory,scaled-accounts-4,110,native,11,108.54545454545455,100.81818181818181,1013400335.0083752,-29.759691791337854,-30.273907637801763,-29.245475944873945,1,576
exploratory,scaled-accounts-4,110,u256,11,109.0,101.18181818181819,1009174311.9266055,-29.464537194672154,-30.125580790628753,-28.803493598715555,1,576
exploratory,scaled-accounts-4,110,integers,11,105.45454545454545,99.0,1043103448.2758621,-31.757791556210243,-32.357104691320096,-31.15847842110039,1,576
exploratory,scaled-accounts-4,110,count_int,11,149.36363636363637,140.54545454545453,736457699.330493,-3.3483720946377336,-4.080906703196025,-2.6158374860794424,1,576
exploratory,scaled-accounts-4,110,estimate_int,11,118.27272727272727,111.81818181818181,930053804.765565,-23.46452466148685,-23.96489416691966,-22.964155156054037,1,576
exploratory,scaled-accounts-4,110,hybrid_int,11,122.54545454545455,117.81818181818181,897626112.7596439,-20.702355134518047,-21.11889713783527,-20.285813131200825,1,576
exploratory,scaled-accounts-64,49159,baseline,11,28561.272727272728,32585.454545454544,1721176800.1171324,0.0,0.0,0.0,626,250688
exploratory,scaled-accounts-64,49159,manual,11,30300.363636363636,34552.818181818184,1622389770.2997863,6.125590512073587,4.75351026425248,7.497670759894694,626,250688
exploratory,scaled-accounts-64,49159,count,11,32495.18181818182,34819.545454545456,1512808891.9476173,13.828085137839574,12.019856708574379,15.63631356710477,537,87448
exploratory,scaled-accounts-64,49159,estimate,11,32484.0,34624.09090909091,1513329639.2069943,13.774355528944527,8.668326398817658,18.880384659071396,564,181632
exploratory,scaled-accounts-64,49159,hybrid256,11,30958.909090909092,35244.09090909091,1587878948.0484395,8.430488327743003,7.193522704968695,9.667453950517311,563,146816
exploratory,scaled-accounts-64,49159,bounded,11,32826.181818181816,37248.09090909091,1497554612.7259839,14.986315604249578,13.17789389900338,16.794737309495776,666,220160
exploratory,scaled-accounts-64,49159,native,11,30854.909090909092,34563.90909090909,1593231075.6502573,8.077635309103234,5.806094748454479,10.34917586975199,626,250688
exploratory,scaled-accounts-64,49159,u256,11,30675.909090909092,35050.454545454544,1602527894.261117,7.446548808634414,6.011470012760693,8.881627604508134,626,250688
exploratory,scaled-accounts-64,49159,integers,11,30755.272727272728,35285.0,1598392589.001738,7.727692726989553,6.219261757566593,9.236123696412514,626,250688
exploratory,scaled-accounts-64,49159,count_int,11,32836.27272727273,35281.09090909091,1497094399.4861557,15.014179042576815,13.496418833756701,16.53193925139693,537,87448
exploratory,scaled-accounts-64,49159,estimate_int,11,32272.545454545456,35087.09090909091,1523245201.381416,13.041835319724994,11.397246091731205,14.686424547718783,564,181632
exploratory,scaled-accounts-64,49159,hybrid_int,11,31350.636363636364,35519.818181818184,1568038346.3290582,9.817919983589098,7.971350733478577,11.66448923369962,563,146816
exploratory,shape-code-1048576,1033638,baseline,11,18360.727272727272,19164.363636363636,56296136021.54797,0.0,0.0,0.0,91,1056736
exploratory,shape-code-1048576,1033638,manual,11,18047.545454545456,18957.454545454544,57273051485.21833,-1.6884627486485095,-2.8406156965268536,-0.5363098007701652,91,1056736
exploratory,shape-code-1048576,1033638,count,11,18807.090909090908,20093.545454545456,54960015081.352295,2.4397491684660806,1.604864479510194,3.274633857421967,87,1039912
exploratory,shape-code-1048576,1033638,estimate,11,18487.636363636364,19446.636363636364,55909689030.506874,0.7220744613318463,-0.884863218034747,2.3290121406984396,87,2266824
exploratory,shape-code-1048576,1033638,hybrid256,11,18397.81818181818,19816.636363636364,56182640234.01985,0.20876121795540598,-0.7679860429373024,1.1855084788481143,87,1039912
exploratory,shape-code-1048576,1033638,bounded,11,18832.363636363636,19421.727272727272,54886259630.42345,2.5895420470600805,0.6184881445944979,4.560595949525663,87,2653824
exploratory,shape-code-1048576,1033638,native,11,17708.272727272728,18626.18181818182,58370345652.519875,-3.5317033052961833,-4.554446055002115,-2.5089605555902508,91,1056736
exploratory,shape-code-1048576,1033638,u256,11,18262.636363636364,19018.090909090908,56598509624.718124,-0.5215606803110728,-2.6032799888523352,1.5601586282301896,91,1056736
exploratory,shape-code-1048576,1033638,integers,11,17945.727272727272,18564.454545454544,57598000030.39468,-2.2209394863799097,-5.231829758692985,0.7899507859331663,91,1056736
exploratory,shape-code-1048576,1033638,count_int,11,18208.090909090908,19747.545454545456,56768060153.078804,-0.8076640061641236,-1.8734091186318655,0.25808110630361836,87,1039912
exploratory,shape-code-1048576,1033638,estimate_int,11,18535.909090909092,19371.363636363636,55764084455.23431,0.9794006153732412,-1.435833566844813,3.3946347975912956,87,2266824
exploratory,shape-code-1048576,1033638,hybrid_int,11,18385.636363636364,19536.363636363636,56219865309.87629,0.1640915830706459,-2.1029751971014727,2.4311583632427647,87,1039912
exploratory,shape-code-4096,4105,baseline,11,119.54545454545455,116.27272727272727,34338403041.825096,0.0,0.0,0.0,3,4800
exploratory,shape-code-4096,4105,manual,11,112.27272727272727,111.27272727272727,36562753036.43725,-6.07844321494355,-6.922344371263124,-5.234542058623976,3,4800
exploratory,shape-code-4096,4105,count,11,133.36363636363637,128.0,30780504430.811176,11.565666058621618,6.964774062116532,16.166558055126703,3,4248
exploratory,shape-code-4096,4105,estimate,11,137.36363636363637,139.63636363636363,29884182660.48974,14.910215092046643,13.69050759065466,16.12992259343863,3,10184
exploratory,shape-code-4096,4105,hybrid256,11,125.54545454545455,123.81818181818181,32697320782.042,5.0367734425397535,3.7188949562923477,6.35465192878716,3,4248
exploratory,shape-code-4096,4105,bounded,11,139.8181818181818,165.0,29359557867.36021,16.981513729139706,15.151433665203824,18.81159379307559,3,12136
exploratory,shape-code-4096,4105,native,11,110.18181818181819,103.9090909090909,37256600660.066,-7.820280775799463,-10.648463002845496,-4.99209854875343,3,4800
exploratory,shape-code-4096,4105,u256,11,113.54545454545455,111.18181818181819,36152922337.87029,-5.013750829745469,-6.0989316744158,-3.9285699850751374,3,4800
exploratory,shape-code-4096,4105,integers,11,106.81818181818181,111.36363636363636,38429787234.04256,-10.635685845915813,-11.814030778002952,-9.457340913828673,3,4800
exploratory,shape-code-4096,4105,count_int,11,126.18181818181819,119.54545454545455,32532420749.279537,5.552093167770723,-3.258191111479313,14.362377447020759,3,4248
exploratory,shape-code-4096,4105,estimate_int,11,129.36363636363637,134.0,31732255797.61068,8.22207130176664,7.154806331460112,9.289336272073168,3,10184
exploratory,shape-code-4096,4105,hybrid_int,11,121.63636363636364,118.9090909090909,33748131539.61136,1.754576893177482,0.013374799287017902,3.495778987067946,3,4248
exploratory,shape-code-4194304,4182616,baseline,11,77795.90909090909,81472.63636363637,53763958142.22529,0.0,0.0,0.0,355,4276992
exploratory,shape-code-4194304,4182616,manual,11,76521.72727272728,79436.45454545454,54659194833.55292,-1.635624725156317,-2.7164028554504505,-0.5548465948621832,355,4276992
exploratory,shape-code-4194304,4182616,count,11,79110.18181818182,87852.81818181818,52870767123.413605,1.689241905867385,1.1959132028468253,2.1825706088879446,349,4208016
exploratory,shape-code-4194304,4182616,estimate,11,78095.81818181818,82191.63636363637,53557489983.167534,0.38077172551871175,-1.0175728472472285,1.779116298284652,349,7375824
exploratory,shape-code-4194304,4182616,hybrid256,11,78336.72727272728,86828.90909090909,53392784529.2583,0.6975085220559835,0.028482653883108222,1.3665343902288587,349,4208016
exploratory,shape-code-4194304,4182616,bounded,11,77998.09090909091,82272.90909090909,53624594541.35824,0.2655791762119598,-0.6732175455304609,1.2043758979543804,349,8941824
exploratory,shape-code-4194304,4182616,native,11,75579.81818181818,78624.09090909091,55340381872.02452,-2.8480672984802746,-3.36191622559604,-2.3342183713645093,355,4276992
exploratory,shape-code-4194304,4182616,u256,11,76224.72727272728,79547.81818181818,54872167466.534355,-2.017749567523041,-2.507838794025806,-1.5276603410202756,355,4276992
exploratory,shape-code-4194304,4182616,integers,11,75021.0,78145.54545454546,55752602604.60404,-3.563986660368747,-4.096651392807122,-3.031321927930372,355,4276992
exploratory,shape-code-4194304,4182616,count_int,11,77998.90909090909,86394.63636363637,53624032037.74412,0.26264357029413393,-0.24570981816825738,0.7709969587565253,349,4208016
exploratory,shape-code-4194304,4182616,estimate_int,11,77553.81818181818,81340.81818181818,53931786958.49921,-0.30560498481510384,-3.527259494733211,2.9160495251030034,349,7375824
exploratory,shape-code-4194304,4182616,hybrid_int,11,77641.45454545454,85904.81818181818,53870912446.02228,-0.1983469269717607,-1.433506860599615,1.0368130066560939,349,4208016
exploratory,shape-code-65536,48079,baseline,11,629.0909090909091,645.3636363636364,76426156069.36415,0.0,0.0,0.0,5,48896
exploratory,shape-code-65536,48079,manual,11,627.1818181818181,651.3636363636364,76658791129.14915,-0.20962664858596788,-2.9419466950287707,2.5226933978568353,5,48896
exploratory,shape-code-65536,48079,count,11,726.3636363636364,700.5454545454545,66191364205.25657,15.988206789315301,-3.5781616291845193,35.55457520781512,5,48368
exploratory,shape-code-65536,48079,estimate,11,696.7272727272727,748.1818181818181,69006915448.85178,11.032575509330826,3.620821284699886,18.444329733961766,5,121200
exploratory,shape-code-65536,48079,hybrid256,11,647.4545454545455,661.7272727272727,74258494804.8301,3.2429489551611814,-2.618328839856911,9.104226750179274,5,48368
exploratory,shape-code-65536,48079,bounded,11,710.8181818181819,743.0909090909091,67638956388.28494,13.258342506493422,5.594979697315798,20.921705315671048,5,143952
exploratory,shape-code-65536,48079,native,11,609.0909090909091,632.1818181818181,78935671641.79105,-3.121503802810342,-5.529626218812753,-0.7133813868079306,5,48896
exploratory,shape-code-65536,48079,u256,11,612.5454545454545,626.6363636363636,78490501632.53192,-2.518490593309635,-5.778947430148833,0.7419662435295629,5,48896
exploratory,shape-code-65536,48079,integers,11,602.6363636363636,624.9090909090909,79781113290.089,-4.075681461169953,-7.097490691687867,-1.0538722306520398,5,48896
exploratory,shape-code-65536,48079,count_int,11,636.0,657.5454545454545,75595911949.68553,1.2470543247935941,-3.4109717918444282,5.9050804414316165,5,48368
exploratory,shape-code-65536,48079,estimate_int,11,677.3636363636364,719.1818181818181,70979600053.68407,7.79105145881894,3.3621565047486826,12.219946412889197,5,121200
exploratory,shape-code-65536,48079,hybrid_int,11,663.3636363636364,678.1818181818181,72477593531.58832,5.319882122341165,1.5200607635236016,9.11970348115873,5,48368
exploratory,shape-few-large-1048576,980764,baseline,11,505998.54545454547,610955.5454545454,1938274346.4587753,0.0,0.0,0.0,14727,6159552
exploratory,shape-few-large-1048576,980764,manual,11,579331.0,684322.8181818182,1692925115.3485658,14.541397123733935,12.9170565951937,16.16573765227417,14727,6159552
exploratory,shape-few-large-1048576,980764,count,11,548213.0909090909,674115.0909090909,1789019664.5498166,8.421960997144092,6.310255140366058,10.533666853922126,13909,1888896
exploratory,shape-few-large-1048576,980764,estimate,11,572131.1818181818,680000.4545454546,1714229238.272278,13.101601245235583,12.005608626282967,14.1975938641882,15529,5939040
exploratory,shape-few-large-1048576,980764,hybrid256,11,583137.1818181818,688065.3636363636,1681875261.2242029,15.324360604104553,13.28594782820681,17.3627733800023,14341,3583776
exploratory,shape-few-large-1048576,980764,bounded,11,559368.7272727273,661692.1818181818,1753340778.956018,10.620084827576726,8.760119546516242,12.48005010863721,14773,5473536
exploratory,shape-few-large-1048576,980764,native,11,573529.9090909091,679199.5454545454,1710048568.4427333,13.427643672666903,11.120997578336581,15.734289766997225,14727,6159552
exploratory,shape-few-large-1048576,980764,u256,11,571676.3636363636,679826.0909090909,1715593056.4655144,13.059750466038107,11.006243249422672,15.113257682653542,14727,6159552
exploratory,shape-few-large-1048576,980764,integers,11,575751.6363636364,684226.0909090909,1703449782.9556558,13.864041396923168,11.840125594050875,15.887957199795462,14727,6159552
exploratory,shape-few-large-1048576,980764,count_int,11,552669.8181818182,679237.7272727273,1774593016.9057045,9.299903865804058,7.3341500435058755,11.265657688102241,13909,1888896
exploratory,shape-few-large-1048576,980764,estimate_int,11,559855.1818181818,673459.3636363636,1751817312.4965599,10.721044741078277,8.719838975444688,12.722250506711866,15529,5939040
exploratory,shape-few-large-1048576,980764,hybrid_int,11,589969.2727272727,688019.7272727273,1662398442.3225741,16.619457913275777,15.802276626526957,17.436639200024597,14341,3583776
exploratory,shape-few-large-4096,81734,baseline,11,40121.0,50462.72727272727,2037187507.7889385,0.0,0.0,0.0,1228,513536
exploratory,shape-few-large-4096,81734,manual,11,46551.818181818184,55152.63636363636,1755763860.4097095,16.033593883080524,15.177193161159977,16.88999460500107,1228,513536
exploratory,shape-few-large-4096,81734,count,11,51005.09090909091,56571.27272727273,1602467489.8762333,27.12884926118806,26.640437962950262,27.617260559425855,1160,157408
exploratory,shape-few-large-4096,81734,estimate,11,46306.454545454544,55338.72727272727,1765067112.1834576,15.422672064177778,14.435893964228459,16.409450164127097,1295,519208
exploratory,shape-few-large-4096,81734,hybrid256,11,47943.545454545456,56801.454545454544,1704796740.1053133,19.49851173441502,18.43390138346359,20.563122085366448,1196,298648
exploratory,shape-few-large-4096,81734,bounded,11,45457.0,54056.36363636364,1798050905.2511165,13.303516012591587,12.699355590606826,13.907676434576347,1232,488624
exploratory,shape-few-large-4096,81734,native,11,46185.36363636364,54726.181818181816,1769694846.2618027,15.119698048951605,14.104559372523683,16.13483672537953,1228,513536
exploratory,shape-few-large-4096,81734,u256,11,46109.454545454544,55042.09090909091,1772608260.1872225,14.928927732042238,14.296101916010807,15.56175354807367,1228,513536
exploratory,shape-few-large-4096,81734,integers,11,46422.181818181816,55048.63636363636,1760666922.5526981,15.710750798200838,14.936315340596938,16.485186255804738,1228,513536
exploratory,shape-few-large-4096,81734,count_int,11,51714.09090909091,56929.90909090909,1580497666.3648908,28.901725011667253,27.1683037481815,30.635146275153005,1160,157408
exploratory,shape-few-large-4096,81734,estimate_int,11,45810.36363636364,54470.09090909091,1784181427.783312,14.184921651660112,13.505222423851006,14.864620879469218,1295,519208
exploratory,shape-few-large-4096,81734,hybrid_int,11,48024.90909090909,56726.0,1701908479.3118722,19.702859553869544,19.28753852747575,20.11818058026334,1196,298648
exploratory,shape-few-large-4194304,4168234,baseline,11,3094032.3636363638,3699362.909090909,1347185003.294906,0.0,0.0,0.0,62582,26178816
exploratory,shape-few-large-4194304,4168234,manual,11,3462284.909090909,4035823.3636363638,1203896880.0792456,12.399926775638498,3.811329699595637,20.988523851681357,62582,26178816
exploratory,shape-few-large-4194304,4168234,count,11,2345808.4545454546,2954098.6363636362,1776885914.0750582,-23.95343900980431,-26.5788440055329,-21.32803401407572,59110,8027808
exploratory,shape-few-large-4194304,4168234,estimate,11,3494537.272727273,4237502.7272727275,1192785675.0965338,13.17929615510102,7.948474638879056,18.410117671322986,65995,23323992
exploratory,shape-few-large-4194304,4168234,hybrid256,11,2515044.6363636362,3001334.272727273,1657320088.7705193,-18.377391078948293,-22.498033184996224,-14.25674897290036,60946,15231048
exploratory,shape-few-large-4194304,4168234,bounded,11,3226885.272727273,3921617.5454545454,1291720544.027004,4.696695069576481,-0.012837354297409398,9.40622749345037,62782,21345600
exploratory,shape-few-large-4194304,4168234,native,11,3325159.727272727,4016439.0,1253543992.432134,7.886036003411053,2.978188019541715,12.79388398728039,62582,26178816
exploratory,shape-few-large-4194304,4168234,u256,11,3366151.272727273,4016601.727272727,1238278871.7106214,9.14486905021363,4.911588162671039,13.378149937756222,62582,26178816
exploratory,shape-few-large-4194304,4168234,integers,11,3340070.272727273,3982314.0,1247947994.9972744,8.31036450549634,4.171609826596554,12.449119184396125,62582,26178816
exploratory,shape-few-large-4194304,4168234,count_int,11,2404327.727272727,2938040.090909091,1733638036.4119928,-22.041427386482678,-25.123707370939297,-18.95914740202606,59110,8027808
exploratory,shape-few-large-4194304,4168234,estimate_int,11,3414840.1818181816,4053019.909090909,1220623448.8492768,10.914713919349191,3.779194867735905,18.050232970962476,65995,23323992
exploratory,shape-few-large-4194304,4168234,hybrid_int,11,2516984.3636363638,3006033.5454545454,1656042866.3045113,-18.322511021881425,-21.95453967301711,-14.690482370745741,60946,15231048
exploratory,shape-few-large-65536,81734,baseline,11,40400.181818181816,49386.545454545456,2023109706.9770164,0.0,0.0,0.0,1228,513536
exploratory,shape-few-large-65536,81734,manual,11,47056.818181818184,56082.36363636364,1736921516.541898,16.47353347238796,14.797748128900892,18.149318815875027,1228,513536
exploratory,shape-few-large-65536,81734,count,11,51147.09090909091,55751.181818181816,1598018548.9977212,26.60149812433532,25.44781697410405,27.755179274566586,1160,157408
exploratory,shape-few-large-65536,81734,estimate,11,46751.09090909091,55788.0,1748280059.580525,15.71830616885159,14.41109673280992,17.02551560489326,1295,519208
exploratory,shape-few-large-65536,81734,hybrid256,11,48691.90909090909,57215.545454545456,1678595099.8019085,20.52146007799188,18.566867179866563,22.476052976117195,1196,298648
exploratory,shape-few-large-65536,81734,bounded,11,46962.27272727273,55168.90909090909,1740418324.1867263,16.241318919591265,10.69680856184666,21.78582927733587,1232,488624
exploratory,shape-few-large-65536,81734,native,11,46568.36363636364,56213.545454545456,1755140048.257498,15.269061653141366,13.442622134827502,17.09550117145523,1228,513536
exploratory,shape-few-large-65536,81734,u256,11,46973.90909090909,55773.90909090909,1739987188.2456994,16.268560743323942,14.04491324815318,18.492208238494705,1228,513536
exploratory,shape-few-large-65536,81734,integers,11,47539.0,56790.90909090909,1719304150.276615,17.67746139984382,14.113767512417146,21.241155287270495,1228,513536
exploratory,shape-few-large-65536,81734,count_int,11,51281.36363636364,56157.0,1593834371.8699863,26.93314701077037,26.31974673539932,27.54654728614142,1160,157408
exploratory,shape-few-large-65536,81734,estimate_int,11,45878.09090909091,55209.36363636364,1781547540.0220742,13.559425455876093,12.75289822178906,14.365952689963127,1295,519208
exploratory,shape-few-large-65536,81734,hybrid_int,11,48745.454545454544,57347.72727272727,1676751212.234241,20.65296691882795,18.873530526956966,22.432403310698934,1196,298648
exploratory,shape-many-small-1048576,1048564,baseline,11,1851292.3636363635,2185440.6363636362,566395681.5229224,0.0,0.0,0.0,34967,24466112
exploratory,shape-many-small-1048576,1048564,manual,11,1521945.1818181819,1848709.7272727273,688963053.6806456,-17.98980917588725,-20.480476570447863,-15.499141781326635,34967,24466112
exploratory,shape-many-small-1048576,1048564,count,11,1532499.2727272727,1909377.5454545454,684218269.241949,-16.180255294110086,-21.90909768355408,-10.451412904666094,34953,6431168
exploratory,shape-many-small-1048576,1048564,estimate,11,1561651.1818181819,1871224.0,671445718.6138005,-14.533436607308102,-20.710219558442866,-8.35665365617334,34957,23876864
exploratory,shape-many-small-1048576,1048564,hybrid256,11,1464081.4545454546,1775811.2727272727,716192392.6736317,-19.85726785225505,-25.637562082467227,-14.076973622042873,34953,10625408
exploratory,shape-many-small-1048576,1048564,bounded,11,1581352.6363636365,1850120.2727272727,663080438.7889102,-13.276880746575461,-22.582404183026846,-3.971357310124075,34957,23876864
exploratory,shape-many-small-1048576,1048564,native,11,1208165.8181818181,1522420.8181818181,867897422.8703104,-33.88821755702414,-38.62086459835875,-29.155570515689533,34967,24466112
exploratory,shape-many-small-1048576,1048564,u256,11,1339040.0909090908,1660388.5454545454,783071401.012435,-26.724437131707713,-31.97850508463891,-21.470369178776515,34967,24466112
exploratory,shape-many-small-1048576,1048564,integers,11,1161982.9090909092,1466358.6363636365,902391930.0330813,-36.6324526106538,-40.2157097992446,-33.049195422063,34967,24466112
exploratory,shape-many-small-1048576,1048564,count_int,11,1307224.4545454546,1673681.0909090908,802130036.9297364,-28.477656944818605,-33.427974475926646,-23.527339413710568,34953,6431168
exploratory,shape-many-small-1048576,1048564,estimate_int,11,1354322.7272727273,1635732.6363636365,774234958.0971367,-25.79971886456575,-34.660460937688036,-16.938976791443466,34957,23876864
exploratory,shape-many-small-1048576,1048564,hybrid_int,11,1221166.9090909092,1531396.0909090908,858657397.4401236,-33.17939358434276,-37.93291114413353,-28.425876024551993,34953,10625408
exploratory,shape-many-small-4096,4083,baseline,11,7503.727272727273,8899.727272727272,544129584.0854847,0.0,0.0,0.0,143,94912
exploratory,shape-many-small-4096,4083,manual,11,6436.181818181818,7695.454545454545,634382327.1843837,-14.469988005266694,-17.994352800249466,-10.945623210283925,143,94912
exploratory,shape-many-small-4096,4083,count,11,8043.272727272727,8749.545454545454,507629187.5762919,6.834311933475139,3.69417472866069,9.97444913828959,137,25024
exploratory,shape-many-small-4096,4083,estimate,11,6505.909090909091,7732.636363636364,627583315.8666946,-12.054639371335217,-18.867492966991225,-5.241785775679209,140,75760
exploratory,shape-many-small-4096,4083,hybrid256,11,6411.545454545455,7715.090909090909,636819941.2990769,-13.392265912388853,-19.297871171949335,-7.48666065282837,137,41344
exploratory,shape-many-small-4096,4083,bounded,11,6599.545454545455,8309.363636363636,618678972.3810179,-11.443065545708192,-14.752345800360725,-8.13378529105566,140,82240
exploratory,shape-many-small-4096,4083,native,11,5756.636363636364,7115.363636363636,709268354.3104401,-24.253426917277256,-29.538633763282586,-18.968220071271926,143,94912
exploratory,shape-many-small-4096,4083,u256,11,5980.545454545455,7308.727272727273,682713647.2805763,-20.796605915209284,-23.820680316744127,-17.77253151367444,143,94912
exploratory,shape-many-small-4096,4083,integers,11,5179.181818181818,6541.818181818182,788348457.9873971,-31.683377428446878,-35.577559409281925,-27.78919544761183,143,94912
exploratory,shape-many-small-4096,4083,count_int,11,6978.272727272727,7700.545454545455,585101809.5126432,-7.8310253944216095,-12.675215608109394,-2.9868351807338254,137,25024
exploratory,shape-many-small-4096,4083,estimate_int,11,5819.545454545455,7145.818181818182,701601187.2217449,-23.37212200312548,-28.48595464156885,-18.25828936468211,140,75760
exploratory,shape-many-small-4096,4083,hybrid_int,11,5749.454545454545,7142.363636363636,710154322.9397255,-24.21358995399703,-28.8493498143744,-19.57783009361966,137,41344
exploratory,shape-many-small-4194304,4194304,baseline,11,9994745.727272727,12026504.454545455,419650896.0257964,0.0,0.0,0.0,139827,97866496
exploratory,shape-many-small-4194304,4194304,manual,11,8990655.363636363,10837545.636363637,466518160.28498846,-9.96237752292684,-15.341204211615306,-4.583550834238372,139827,97866496
exploratory,shape-many-small-4194304,4194304,count,11,6126367.818181818,7402452.363636363,684631436.5180875,-38.66070736464117,-40.04587580217813,-37.27553892710421,139811,25725040
exploratory,shape-many-small-4194304,4194304,estimate,11,9242156.545454545,11576631.545454545,453823085.4856957,-7.454188369491232,-10.716253788793672,-4.192122950188791,139817,97277248
exploratory,shape-many-small-4194304,4194304,hybrid256,11,10863159.454545455,13250780.727272727,386103510.4520153,8.766412332203435,5.437048577013863,12.095776087393007,139811,42502240
exploratory,shape-many-small-4194304,4194304,bounded,11,9267673.818181818,11332753.363636363,452573545.6691829,-7.2278463118754415,-9.313423375355226,-5.142269248395657,139817,97277248
exploratory,shape-many-small-4194304,4194304,native,11,7927662.090909091,9899401.090909092,529071995.23674774,-20.64025875399819,-22.65920739054585,-18.62131011745053,139827,97866496
exploratory,shape-many-small-4194304,4194304,u256,11,8607818.545454545,10830598.636363637,487266777.0413038,-13.804633691351865,-16.172732234161725,-11.436535148542008,139827,97866496
exploratory,shape-many-small-4194304,4194304,integers,11,7834926.0,9719439.818181818,535334220.1317536,-21.54379367622338,-25.585972905917792,-17.50161444652897,139827,97866496
exploratory,shape-many-small-4194304,4194304,count_int,11,5342836.545454546,6591215.818181818,785033186.8318772,-46.50721269147324,-47.89409679132317,-45.12032859162331,139811,25725040
exploratory,shape-many-small-4194304,4194304,estimate_int,11,8107825.818181818,10101284.0,517315504.064513,-18.837043156320565,-20.722717612578215,-16.951368700062915,139817,97277248
exploratory,shape-many-small-4194304,4194304,hybrid_int,11,9752728.272727273,12091778.454545455,430064683.7181998,-2.3855421109697246,-3.7312534273858207,-1.0398307945536287,139811,42502240
exploratory,shape-many-small-65536,65523,baseline,11,109530.81818181818,129181.90909090909,598215197.2172216,0.0,0.0,0.0,2195,1528512
exploratory,shape-many-small-65536,65523,manual,11,87745.18181818182,106676.09090909091,746741856.8437324,-19.7781135370735,-21.7189534145557,-17.837273659591304,2195,1528512
exploratory,shape-many-small-65536,65523,count,11,95922.0,119478.90909090909,683086257.5842873,-12.289131697323555,-14.616990738432197,-9.961272656214913,2185,401856
exploratory,shape-many-small-65536,65523,estimate,11,96507.63636363637,111765.0,678941091.8024386,-11.751562711883862,-18.92111416113478,-4.582011262632944,2188,1232880
exploratory,shape-many-small-65536,65523,hybrid256,11,92859.81818181818,114040.45454545454,705611978.1723772,-15.09118152407259,-18.22644113557827,-11.955921912566911,2185,663936
exploratory,shape-many-small-65536,65523,bounded,11,92208.27272727272,110953.18181818182,710597846.1802382,-15.686930933549817,-18.01434320983976,-13.359518657259875,2188,1332240
exploratory,shape-many-small-65536,65523,native,11,74626.45454545454,93805.63636363637,878013037.0536405,-31.761739758456457,-33.587525858344726,-29.93595365856819,2195,1528512
exploratory,shape-many-small-65536,65523,u256,11,83091.63636363637,102181.72727272728,788563119.7976385,-24.027479595700804,-25.950796612135747,-22.10416257926586,2195,1528512
exploratory,shape-many-small-65536,65523,integers,11,70042.63636363637,89208.27272727272,935473069.0008293,-35.948566341680916,-37.893838778803904,-34.00329390455793,2195,1528512
exploratory,shape-many-small-65536,65523,count_int,11,82452.36363636363,105138.72727272728,794677036.6580814,-24.6057093460649,-26.739959097006487,-22.47145959512331,2185,401856
exploratory,shape-many-small-65536,65523,estimate_int,11,76755.81818181818,95102.81818181818,853655156.7307898,-29.815365332694654,-32.80504995385098,-26.825680711538325,2188,1232880
exploratory,shape-many-small-65536,65523,hybrid_int,11,75166.0,94370.45454545454,871710613.8413645,-31.2688534002129,-33.10310398670062,-29.434602813725185,2185,663936
exploratory,shape-read-1048576,94978,baseline,11,133491.36363636365,132834.27272727274,711491720.6084152,0.0,0.0,0.0,15,2097600
exploratory,shape-read-1048576,94978,manual,11,227161.45454545456,225023.18181818182,418107905.6305967,70.20398622631079,67.99572417298948,72.4122482796321,15,2097600
exploratory,shape-read-1048576,94978,count,11,152648.36363636365,152966.27272727274,622201232.541575,14.371432897881617,13.24146709853388,15.501398697229353,2,1016944
exploratory,shape-read-1048576,94978,estimate,11,135472.81818181818,137150.9090909091,701085289.8367401,1.5057346492066168,0.3433078134256451,2.6681614849875883,6,3027664
exploratory,shape-read-1048576,94978,hybrid256,11,153443.0909090909,153145.9090909091,618978667.83895,14.96351216483988,14.049507486688896,15.877516842990865,2,1016944
exploratory,shape-read-1048576,94978,bounded,11,140262.36363636365,136963.54545454544,677145297.8379478,5.097509451220767,0.03699492573994245,10.158023976701593,6,3037168
exploratory,shape-read-1048576,94978,native,11,232868.63636363635,229809.18181818182,407860850.14766425,74.4714815610008,73.08758951177762,75.85537361022398,15,2097600
exploratory,shape-read-1048576,94978,u256,11,248282.0,249009.36363636365,382540820.51860386,86.02522976982551,84.28613753102259,87.76432200862844,15,2097600
exploratory,shape-read-1048576,94978,integers,11,254869.9090909091,255315.18181818182,372652857.83941823,90.96096284768616,89.22357289099234,92.69835280437998,15,2097600
exploratory,shape-read-1048576,94978,count_int,11,159442.36363636365,159610.18181818182,595688610.1902882,19.430281822698586,18.218945304902757,20.641618340494414,2,1016944
exploratory,shape-read-1048576,94978,estimate_int,11,143186.27272727274,143310.36363636365,663317776.145377,7.273535764581799,5.499063613779157,9.04800791538444,6,3027664
exploratory,shape-read-1048576,94978,hybrid_int,11,168429.18181818182,167307.45454545456,563904656.9882891,26.161275314779243,25.048237129577597,27.274313499980888,2,1016944
exploratory,shape-read-4096,155,baseline,11,531.9090909090909,526.5454545454545,291403178.9437703,0.0,0.0,0.0,7,8640
exploratory,shape-read-4096,155,manual,11,935.3636363636364,914.0909090909091,165710953.44542715,75.88011785964936,73.68641465231667,78.07382106698205,7,8640
exploratory,shape-read-4096,155,count,11,456.3636363636364,450.09090909090907,339641434.2629482,-14.19098062391796,-15.208915298031346,-13.173045949804575,2,4112
exploratory,shape-read-4096,155,estimate,11,530.5454545454545,527.9090909090909,292152159.01302266,-0.24593396581829727,-0.9890872102741283,0.4972192786375337,8,12768
exploratory,shape-read-4096,155,hybrid256,11,517.6363636363636,516.1818181818181,299438004.917457,-2.672127634798997,-3.5648510378345595,-1.7794042317634347,7,8640
exploratory,shape-read-4096,155,bounded,11,555.7272727272727,546.0,278913790.28300345,4.479467738880083,3.474682979740494,5.484252498019671,8,12336
exploratory,shape-read-4096,155,native,11,979.2727272727273,965.4545454545455,158280727.81284812,84.13312437628085,82.64165913114418,85.62458962141751,7,8640
exploratory,shape-read-4096,155,u256,11,910.0909090909091,892.2727272727273,170312656.07831386,71.12528756515562,69.70361370243201,72.54696142787922,7,8640
exploratory,shape-read-4096,155,integers,11,880.7272727272727,870.9090909090909,175990916.597853,65.5993046316632,64.26059589374911,66.93801336957729,7,8640
exploratory,shape-read-4096,155,count_int,11,218.0,216.0909090909091,711009174.3119266,-59.013810695979195,-59.62105534021764,-58.406566051740754,2,4112
exploratory,shape-read-4096,155,estimate_int,11,315.27272727272725,306.6363636363636,491637831.6032296,-40.72328763450806,-41.58410781300037,-39.86246745601575,8,12768
exploratory,shape-read-4096,155,hybrid_int,11,311.1818181818182,303.09090909090907,498101080.9231668,-41.49128837885902,-42.269328883789186,-40.71324787392885,7,8640
exploratory,shape-read-4194304,442517,baseline,11,548207.3636363636,546921.8181818182,807207325.8277682,0.0,0.0,0.0,17,8389056
exploratory,shape-read-4194304,442517,manual,11,911070.0909090909,905258.7272727273,485711258.0201643,66.19525815676667,65.54070867717469,66.84980763635865,17,8389056
exploratory,shape-read-4194304,442517,count,11,618693.9090909091,616951.0909090909,715243828.1641105,12.85874918505852,12.093135198857947,13.624363171259091,2,4067344
exploratory,shape-read-4194304,442517,estimate,11,534129.9090909091,535179.0909090909,828481971.2739275,-2.5692933151780926,-5.159619658923198,0.021033028567012835,7,8655696
exploratory,shape-read-4194304,442517,hybrid256,11,619651.6363636364,617983.3636363636,714138354.5710728,13.03235390094818,12.495580384146473,13.569127417749888,2,4067344
exploratory,shape-read-4194304,442517,bounded,11,531707.7272727273,543915.0,832256101.0534667,-3.00665986154408,-3.447945965274781,-2.5653737578133793,7,8700048
exploratory,shape-read-4194304,442517,native,11,938917.6363636364,931674.4545454546,471305450.93799496,71.27432720434808,70.42514127956944,72.12351312912672,17,8389056
exploratory,shape-read-4194304,442517,u256,11,1004281.2727272727,1000174.3636363636,440630540.48422146,83.19988799971586,82.02582581000502,84.3739501894267,17,8389056
exploratory,shape-read-4194304,442517,integers,11,1026713.0909090909,1024225.2727272727,431003562.64882,87.29032454323917,86.49582043409573,88.0848286523826,17,8389056
exploratory,shape-read-4194304,442517,count_int,11,642763.0909090909,643760.5454545454,688460501.6354109,17.254437188281365,15.998055394932571,18.51081898163016,2,4067344
exploratory,shape-read-4194304,442517,estimate_int,11,555869.5454545454,555743.8181818182,796080669.6796911,1.4005901625221044,0.9834030872865772,1.8177772377576318,7,8655696
exploratory,shape-read-4194304,442517,hybrid_int,11,671653.0909090909,670258.1818181818,658847559.8333771,22.521418166556195,22.040436488402857,23.002399844709533,2,4067344
exploratory,shape-read-65536,5605,baseline,11,8023.636363636364,8039.181818181818,698561069.5671878,0.0,0.0,0.0,11,131520
exploratory,shape-read-65536,5605,manual,11,13763.363636363636,13673.0,407240566.19351774,71.62799601286221,69.00082545444951,74.25516657127491,11,131520
exploratory,shape-read-65536,5605,count,11,9288.09090909091,9243.636363636364,603460932.3767483,15.771398030395162,13.41372024317224,18.129075817618084,2,63664
exploratory,shape-read-65536,5605,estimate,11,7813.636363636364,7913.818181818182,717335660.2675974,-2.5821218066549245,-3.4605305265880397,-1.7037130867218093,6,177648
exploratory,shape-read-65536,5605,hybrid256,11,9322.727272727272,9236.181818181818,601218917.6011702,16.271937962255226,13.392488471327766,19.151387453182686,2,63664
exploratory,shape-read-65536,5605,bounded,11,7916.818181818182,8244.636363636364,707986450.0200953,-1.2774826901620482,-3.20534577357145,0.6503803932473535,6,178080
exploratory,shape-read-65536,5605,native,11,14298.545454545454,13979.0,391997914.6003408,78.32624601808644,72.6132166893551,84.03927534681777,11,131520
exploratory,shape-read-65536,5605,u256,11,14981.272727272728,14945.818181818182,374133767.0060803,86.81944998293964,84.17016600022376,89.46873396565553,11,131520
exploratory,shape-read-65536,5605,integers,11,15381.90909090909,15329.09090909091,364389099.35520476,91.82638240006403,88.48618121570183,95.16658358442623,11,131520
exploratory,shape-read-65536,5605,count_int,11,9373.181818181818,9413.90909090909,597982639.0572717,16.868217189270222,14.95247483185134,18.783959546689104,2,63664
exploratory,shape-read-65536,5605,estimate_int,11,8170.272727272727,8177.0,686023611.0956572,1.8563571390232367,-0.06399486219346628,3.77670914023994,6,177648
exploratory,shape-read-65536,5605,hybrid_int,11,9856.0,9858.09090909091,568689123.3766234,22.908741119858234,20.67891346380625,25.13856877591022,2,63664
exploratory,shape-write-1048576,149061,baseline,11,327370.45454545453,438683.8181818182,455328200.6067633,0.0,0.0,0.0,14993,4232000
exploratory,shape-write-1048576,149061,manual,11,360333.36363636365,475348.54545454547,413675265.8586102,10.11606012557339,7.6426232522425295,12.589496998904252,14993,4232000
exploratory,shape-write-1048576,149061,count,11,364288.1818181818,501621.7272727273,409184287.16525626,11.302880819742175,8.737738509405128,13.868023130079221,14981,1438128
exploratory,shape-write-1048576,149061,estimate,11,381816.2727272727,506105.9090909091,390399809.14190286,16.672164889110334,12.88281264366654,20.46151713455413,14984,5138064
exploratory,shape-write-1048576,149061,hybrid256,11,373762.1818181818,483272.0,398812419.3702169,14.195394009442348,11.95844759401993,16.432340424864766,14981,3235608
exploratory,shape-write-1048576,149061,bounded,11,375258.1818181818,485152.63636363635,397222518.31466335,14.64735721107627,12.366724022186473,16.92799039996607,14984,4780920
exploratory,shape-write-1048576,149061,native,11,323411.36363636365,436498.45454545453,460902172.1562041,-1.189574279126196,-2.891853284685789,0.5127047264333968,14993,4232000
exploratory,shape-write-1048576,149061,u256,11,354129.8181818182,465066.36363636365,420921911.5332128,8.194277685474542,5.97958870664009,10.408966664308995,14993,4232000
exploratory,shape-write-1048576,149061,integers,11,318396.7272727273,431699.1818181818,468161219.10800815,-2.7231866331680368,-4.6149385075562375,-0.8314347587798361,14993,4232000
exploratory,shape-write-1048576,149061,count_int,11,341164.54545454547,471928.8181818182,436918202.6268316,4.268332484816909,-6.388954560756913,14.925619530390732,14981,1438128
exploratory,shape-write-1048576,149061,estimate_int,11,334926.0909090909,450145.8181818182,445056399.1458632,2.334727282255203,0.18886936663875353,4.480585197871653,14984,5138064
exploratory,shape-write-1048576,149061,hybrid_int,11,343437.63636363635,448389.8181818182,434026397.2763085,4.92434301647573,3.4805401098828126,6.368145923068647,14981,3235608
exploratory,shape-write-4096,382,baseline,11,1517.1818181818182,1893.5454545454545,251782611.30085683,0.0,0.0,0.0,64,16800
exploratory,shape-write-4096,382,manual,11,1681.7272727272727,2123.909090909091,227147413.37369588,10.824489511243252,7.854664955498136,13.794314066988367,64,16800
exploratory,shape-write-4096,382,count,11,1939.909090909091,2131.4545454545455,196916444.06954402,27.847987056885508,22.449149909881402,33.24682420388961,60,5712
exploratory,shape-write-4096,382,estimate,11,1911.4545454545455,2297.3636363636365,199847807.47645772,26.032490723458885,23.44916561338181,28.61581583353596,64,21720
exploratory,shape-write-4096,382,hybrid256,11,1726.3636363636363,2106.818181818182,221274354.92364404,13.808442396471337,11.835963310119801,15.780921482822873,60,12672
exploratory,shape-write-4096,382,bounded,11,1860.2727272727273,2244.4545454545455,205346234.66744858,22.629849355345975,20.30279240730612,24.95690630338583,64,19984
exploratory,shape-write-4096,382,native,11,1524.8181818181818,1896.7272727272727,250521671.73433495,0.5229753107470324,-1.1434330378246758,2.1893836593187403,64,16800
exploratory,shape-write-4096,382,u256,11,1353.090909090909,1735.6363636363637,282316581.5640957,-10.798386954581334,-12.266890861287074,-9.329883047875594,64,16800
exploratory,shape-write-4096,382,integers,11,1168.090909090909,1548.090909090909,327029340.8047319,-22.987239628393674,-24.64756954067764,-21.326909716109707,64,16800
exploratory,shape-write-4096,382,count_int,11,1476.0,1713.3636363636363,258807588.07588077,-2.692553444026624,-4.327591919986998,-1.0575149680662508,60,5712
exploratory,shape-write-4096,382,estimate_int,11,1329.3636363636363,1694.909090909091,287355535.7997675,-12.34609023584587,-14.245822901116254,-10.446357570575485,64,21720
exploratory,shape-write-4096,382,hybrid_int,11,1338.909090909091,1707.5454545454545,285306898.4247691,-11.758213156417158,-16.872439437819175,-6.643986875015139,60,12672
exploratory,shape-write-4194304,598451,baseline,11,1290918.3636363635,1732856.5454545454,463585472.8367444,0.0,0.0,0.0,59934,16927264
exploratory,shape-write-4194304,598451,manual,11,1473423.1818181819,1924771.5454545454,406163692.4033736,14.139706378156648,5.981232884598459,22.298179871714837,59934,16927264
exploratory,shape-write-4194304,598451,count,11,1459876.2727272727,2001024.0909090908,409932684.8308876,13.112992351711759,11.349947428529568,14.87603727489395,59920,5752272
exploratory,shape-write-4194304,598451,estimate,11,1476955.9090909092,1939533.8181818181,405192190.4482284,14.389678096581752,12.069213125788671,16.710143067374833,59924,17236096
exploratory,shape-write-4194304,598451,hybrid256,11,1521973.3636363635,1956521.0,393207275.69775295,17.928195440709732,15.895869097180315,19.96052178423915,59920,12942432
exploratory,shape-write-4194304,598451,bounded,11,1488958.3636363635,1908341.4545454546,401925946.7662018,15.42334302862418,7.379041530352302,23.46764452689606,59924,17287360
exploratory,shape-write-4194304,598451,native,11,1322797.7272727273,1731520.5454545454,452413084.52642554,2.588961981733028,-5.933825623546197,11.111749587012254,59934,16927264
exploratory,shape-write-4194304,598451,u256,11,1383703.1818181819,1858308.7272727273,432499547.49228597,7.2301212924107485,5.203300023283929,9.256942561537567,59934,16927264
exploratory,shape-write-4194304,598451,integers,11,1254197.4545454546,1689035.2727272727,477158519.0442682,-2.7871286770549064,-5.048040508317715,-0.526216845792097,59934,16927264
exploratory,shape-write-4194304,598451,count_int,11,1296364.1818181819,1859279.0909090908,461638024.5562309,0.48179757153851244,-1.2655937812121918,2.229188924289217,59920,5752272
exploratory,shape-write-4194304,598451,estimate_int,11,1279576.1818181819,1752474.6363636365,467694701.18586135,-0.8489820235826633,-2.068120596231811,0.3701565490664842,59924,17236096
exploratory,shape-write-4194304,598451,hybrid_int,11,1358948.2727272727,1803180.3636363635,440378057.06833047,5.3379688471486375,3.5681824530827146,7.10775524121456,59920,12942432
exploratory,shape-write-65536,8628,baseline,11,20610.272727272728,27537.545454545456,418626192.5871035,0.0,0.0,0.0,946,264800
exploratory,shape-write-65536,8628,manual,11,22588.909090909092,29659.545454545456,381957356.38567597,9.628864506480381,8.361368161997415,10.896360850963347,946,264800
exploratory,shape-write-65536,8628,count,11,27796.545454545456,31507.636363636364,310398283.6323677,34.90005833091452,33.4343676843408,36.36574897748824,938,90000
exploratory,shape-write-65536,8628,estimate,11,24817.727272727272,31070.81818181818,347654718.95089656,20.507752348880278,4.063896765008547,36.95160793275201,941,307752
exploratory,shape-write-65536,8628,hybrid256,11,23994.090909090908,31013.18181818182,359588535.0559797,16.404034044378164,13.605935390691451,19.20213269806488,938,202320
exploratory,shape-write-65536,8628,bounded,11,23538.636363636364,30428.545454545456,366546297.19030607,14.22525644987778,12.77260801955724,15.67790488019832,941,286776
exploratory,shape-write-65536,8628,native,11,20407.454545454544,27509.18181818182,422786682.22841924,-0.9560877531767225,-2.30861185926204,0.39643635290859547,946,264800
exploratory,shape-write-65536,8628,u256,11,21955.363636363636,28848.81818181818,392979143.6343987,6.549061670169782,4.995489558015505,8.102633782324059,946,264800
exploratory,shape-write-65536,8628,integers,11,19551.0,26667.0,441307350.00767225,-5.1275084703880465,-5.828353620285159,-4.426663320490934,946,264800
exploratory,shape-write-65536,8628,count_int,11,25101.727272727272,28722.0,343721366.51226467,21.801131557160957,21.23305437590583,22.369208738416084,938,90000
exploratory,shape-write-65536,8628,estimate_int,11,20211.909090909092,27443.0,426877043.68711513,-1.9256583808372272,-2.3786231249032563,-1.472693636771198,941,307752
exploratory,shape-write-65536,8628,hybrid_int,11,21128.18181818182,28108.636363636364,408364528.2044662,2.5331558501790252,1.5992279287915219,3.4670837715665286,938,202320
followup,200M-25912202,593177,baseline,11,595751.8181818182,733031.4545454546,995678035.545613,0.0,0.0,0.0,10881,5044096
followup,200M-25912202,593177,singleton,11,643176.8181818182,788752.0,922261162.4542663,7.974385113795208,5.897955778282331,10.050814449308085,10881,4252288
followup,200M-25912202,593177,adaptive,11,628431.5454545454,779727.7272727273,943900738.7367135,5.495208484964387,4.399847543614448,6.5905694263143255,10192,4816144
followup,200M-25912202,593177,native,11,569438.7272727273,700386.5454545454,1041687141.3733395,-4.415979046966381,-5.371759141633806,-3.460198952298956,10881,5044096
followup,200M-25912202,593177,u256,11,612641.8181818182,750827.6363636364,968228061.4803845,2.831437761570068,1.9075286226740724,3.755346900466064,10881,5044096
followup,200M-25912203,592785,baseline,11,576193.1818181818,703821.9090909091,1028795582.2897152,0.0,0.0,0.0,11065,4994547
followup,200M-25912203,592785,singleton,11,615684.0,760365.1818181818,962807219.2878165,6.860540493689057,5.89367812164037,7.827402865737744,11065,4160091
followup,200M-25912203,592785,adaptive,11,619966.9090909091,757275.1818181818,956155871.075817,7.603150417016443,2.991630057522859,12.214670776510026,10500,4807723
followup,200M-25912203,592785,native,11,554482.9090909091,677852.5454545454,1069077135.2572225,-3.76062642154,-5.180290894346298,-2.3409619487337023,11065,4994547
followup,200M-25912203,592785,u256,11,587208.1818181818,717724.8181818182,1009497173.8379916,1.9178572862892151,1.1806634552550674,2.655051117323363,11065,4994547
followup,200M-25912204,718592,baseline,11,704045.2727272727,862548.1818181818,1020661636.1706078,0.0,0.0,0.0,13469,5409377
followup,200M-25912204,718592,singleton,11,735297.6363636364,908545.4545454546,977280443.2688606,4.440599627564685,3.937551631622105,4.943647623507266,13469,4320929
followup,200M-25912204,718592,adaptive,11,722779.5454545454,908372.6363636364,994206330.9886392,2.660390766288143,2.2297089827021535,3.091072549874133,12800,5027985
followup,200M-25912204,718592,native,11,667070.2727272727,823296.4545454546,1077235831.6344755,-5.251604053238546,-5.454925929219867,-5.048282177257226,13469,5409377
followup,200M-25912204,718592,u256,11,713894.8181818182,875404.2727272727,1006579655.2917204,1.3996049031797388,1.1757464297942306,1.623463376565247,13469,5409377
followup,200M-25912205,643689,baseline,11,596160.4545454546,729683.6363636364,1079724418.304102,0.0,0.0,0.0,11422,5196749
followup,200M-25912205,643689,singleton,11,637672.0909090909,790582.5454545454,1009435741.6243999,6.967713200960657,6.391443721036225,7.5439826808850885,11422,4355213
followup,200M-25912205,643689,adaptive,11,648310.6363636364,790740.9090909091,992871262.4713994,8.748443393534705,3.432067677887111,14.064819109182299,10773,4957501
followup,200M-25912205,643689,native,11,569018.2727272727,701743.0,1131227292.4291775,-4.5477845425456955,-5.111851056442975,-3.983718028648416,11422,5196749
followup,200M-25912205,643689,u256,11,611698.6363636364,744570.4545454546,1052297588.6075809,2.610981565975535,2.0166098787325457,3.2053532532185245,11422,5196749
followup,200M-25912206,603475,baseline,11,592484.5454545454,717194.8181818182,1018549774.217356,0.0,0.0,0.0,11380,5039376
followup,200M-25912206,603475,singleton,11,631568.7272727273,775668.9090909091,955517545.3445216,6.708773138412304,4.056415312190015,9.361130964634594,11380,4196304
followup,200M-25912206,603475,adaptive,11,617829.4545454546,770338.6363636364,976766315.6234347,4.3896351370014,1.9362469602521788,6.843023313750621,10701,5178144
followup,200M-25912206,603475,native,11,561410.2727272727,691110.4545454546,1074926892.7132046,-5.148408851230622,-7.322646069898971,-2.9741716325622733,11380,5039376
followup,200M-25912206,603475,u256,11,600102.3636363636,731454.0,1005620101.7826352,1.3829288733731337,-0.6555978955969073,3.421455642343175,11380,5039376
followup,200M-25912207,595363,baseline,11,560753.4545454546,674620.0,1061719718.6642387,0.0,0.0,0.0,10469,5002219
followup,200M-25912207,595363,singleton,11,588128.3636363636,722217.1818181818,1012301117.9377662,5.044850614995591,2.032453011948979,8.057248218042202,10469,4201195
followup,200M-25912207,595363,adaptive,11,571818.5454545454,715101.0909090909,1041174695.5963781,2.1427642088648557,-0.746169004077196,5.031697421806907,9863,4820467
followup,200M-25912207,595363,native,11,526747.8181818182,646715.7272727273,1130261919.3659341,-5.908866792195398,-8.589674512223159,-3.228059072167637,10469,5002219
followup,200M-25912207,595363,u256,11,568828.9090909091,718913.5454545454,1046646874.8072196,1.6186530455437225,-2.016356920452492,5.253663011539937,10469,5002219
followup,200M-25912208,702247,baseline,11,686681.0,857021.5454545454,1022668458.8622664,0.0,0.0,0.0,13452,5517732
followup,200M-25912208,702247,singleton,11,728361.3636363636,906209.2727272727,964146418.3300622,6.070902662329868,5.8063818331129164,6.335423491546819,13452,4487892
followup,200M-25912208,702247,adaptive,11,718189.2727272727,897901.0,977802129.142457,4.589551336621884,4.272425078510224,4.906677594733544,12804,5340492
followup,200M-25912208,702247,native,11,651904.4545454546,811670.5454545454,1077223809.5683012,-5.062710076336104,-5.513550137099478,-4.6118700155727295,13452,5517732
followup,200M-25912208,702247,u256,11,704588.8181818182,875009.3636363636,996676333.5985643,2.609157075451549,2.1763476000680413,3.041966550835057,13452,5517732
followup,200M-25912209,635819,baseline,11,614131.1818181818,753675.0909090909,1035314634.4362613,0.0,0.0,0.0,11764,5112098
followup,200M-25912209,635819,singleton,11,655371.5454545454,811143.0,970165708.9170932,6.721469357971948,5.693894037600784,7.749044678343112,11764,4272602
followup,200M-25912209,635819,adaptive,11,649176.7272727273,810679.9090909091,979423588.8140279,5.711074811532056,5.066628540647786,6.355521082416326,11072,5167114
followup,200M-25912209,635819,native,11,583810.9090909091,720955.2727272727,1089083794.2546778,-4.932844838163942,-5.3914439524749,-4.4742457238529845,11764,5112098
followup,200M-25912209,635819,u256,11,627611.4545454546,768215.0909090909,1013077430.940915,2.199394433022009,1.7022174980130607,2.6965713680309578,11764,5112098
followup,200M-25912210,613528,baseline,11,559091.7272727273,685369.1818181818,1097365548.570742,0.0,0.0,0.0,10873,4970256
followup,200M-25912210,613528,singleton,11,594641.1818181818,734439.9090909091,1031761705.6458647,6.3591226968460965,5.955297141597995,6.762948252094198,10873,4151472
followup,200M-25912210,613528,adaptive,11,595854.8181818182,741159.2727272727,1029660214.6679109,6.575659368170534,5.624642862432608,7.52667587390846,10295,4953744
followup,200M-25912210,613528,native,11,530090.6363636364,655751.4545454546,1157402070.3492045,-5.1850818937219305,-5.623813730820936,-4.746350056622925,10873,4970256
followup,200M-25912210,613528,u256,11,571378.0909090909,697846.2727272727,1073768857.717044,2.2006616632968474,1.6434930392069302,2.7578302873867644,10873,4970256
followup,200M-25912211,619844,baseline,11,596581.8181818182,742746.4545454546,1038992441.789589,0.0,0.0,0.0,11093,5013870
followup,200M-25912211,619844,singleton,11,625553.0,788177.0909090909,990873674.9723845,4.89913794385935,3.6222024504872916,6.176073437231409,11093,4180398
followup,200M-25912211,619844,adaptive,11,620475.4545454546,779774.6363636364,998982305.3582076,4.036565333239003,2.767438671331345,5.3056919951466615,10564,4589382
followup,200M-25912211,619844,native,11,575820.0909090909,712356.8181818182,1076454277.6223824,-3.4291431966546644,-7.681032525929316,0.822746132619987,11093,5013870
followup,200M-25912211,619844,u256,11,610695.2727272727,754959.9090909091,1014980838.5315813,2.446855639457131,-0.22481664783126476,5.118527926745527,11093,5013870
followup,200M-25912212,618805,baseline,11,619215.7272727273,762639.0,999336697.6085438,0.0,0.0,0.0,12034,5272966
followup,200M-25912212,618805,singleton,11,669955.0,818854.8181818182,923651588.5395287,8.245121378749293,6.0277951582785345,10.46244759922005,12034,4418758
followup,200M-25912212,618805,adaptive,11,658883.9090909091,822514.1818181818,939171516.3507215,6.447262650737097,4.78909991817874,8.105425383295454,11375,5175566
followup,200M-25912212,618805,native,11,593564.7272727273,735760.0909090909,1042523201.8810233,-4.1255918988054425,-5.348460949682496,-2.9027228479283886,12034,5272966
followup,200M-25912212,618805,u256,11,637660.5454545454,779181.7272727273,970430120.5571617,3.0171727788875025,1.3528685292910667,4.681477028483938,12034,5272966
followup,200M-25912213,632953,baseline,11,608700.1818181818,739214.0,1039843619.0857958,0.0,0.0,0.0,12114,4108414
followup,200M-25912213,632953,singleton,11,663661.5454545454,817395.7272727273,953728605.0926561,9.059352561903593,7.708583246992918,10.410121876814268,12114,3252622
followup,200M-25912213,632953,adaptive,11,662672.8181818182,831367.9090909091,955151596.1325216,8.883317638565302,8.013673574763015,9.752961702367589,11524,3993686
followup,200M-25912213,632953,native,11,585813.1818181818,713355.0909090909,1080469029.453231,-3.7585314966920444,-4.712424958695988,-2.8046380346881006,12114,4108414
followup,200M-25912213,632953,u256,11,628835.0909090909,760696.4545454546,1006548472.1677283,3.3225144041838295,2.393939023858638,4.251089784509021,12114,4108414
followup,200M-25912214,632762,baseline,11,597163.6363636364,726260.7272727273,1059612410.181464,0.0,0.0,0.0,11983,4209064
followup,200M-25912214,632762,singleton,11,649550.5454545454,804610.9090909091,974153596.556836,8.779860667469567,8.053960659850125,9.50576067508901,11983,3345712
followup,200M-25912214,632762,adaptive,11,641230.7272727273,790959.6363636364,986793010.8266234,7.385701167474338,5.995887123859299,8.775515211089376,11298,4138472
followup,200M-25912214,632762,native,11,571365.9090909091,699894.5454545454,1107454942.5022175,-4.314167390759329,-4.959854275923703,-3.668480505594955,11983,4209064
followup,200M-25912214,632762,u256,11,618650.7272727273,749264.7272727273,1022809756.9520061,3.606979377670181,2.7615289073165847,4.452429848023777,11983,4209064
followup,200M-25912215,664421,baseline,11,612099.0909090909,743801.7272727273,1085479475.2483628,0.0,0.0,0.0,11833,4056331
followup,200M-25912215,664421,singleton,11,664970.8181818182,819490.8181818182,999173169.4582906,8.63850501626798,7.903653459585357,9.373356572950602,11833,3235195
followup,200M-25912215,664421,adaptive,11,654568.2727272727,812349.9090909091,1015052253.0395122,6.9589007080331475,5.433709611717471,8.484091804348825,11120,4303507
followup,200M-25912215,664421,native,11,590230.0909090909,724258.7272727273,1125698283.1502845,-3.548061844847473,-4.995432914259231,-2.1006907754357154,11833,4056331
followup,200M-25912215,664421,u256,11,633951.1818181818,768335.3636363636,1048063351.020863,3.5933898599416194,2.120068774130453,5.066710945752786,11833,4056331
followup,200M-25912216,657888,baseline,11,694786.9090909091,851433.1818181818,946891761.1887805,0.0,0.0,0.0,13245,5346474
followup,200M-25912216,657888,singleton,11,729727.8181818182,912201.6363636364,901552583.8650177,5.057993452151104,3.8809482352077067,6.235038669094501,13245,4310178
followup,200M-25912216,657888,adaptive,11,720296.1818181818,904914.0,913357611.2250794,3.695996029702469,2.1753003263603823,5.216691733044556,12652,4784402
followup,200M-25912216,657888,native,11,651363.9090909091,830160.8181818182,1010016046.0505041,-6.236307933749097,-7.594092967356013,-4.878522900142181,13245,5346474
followup,200M-25912216,657888,u256,11,703214.0909090909,858001.0,935544393.2437489,1.2431138267143058,-0.42272817959418263,2.9089558330227945,13245,5346474
followup,200M-25912217,585424,baseline,11,594902.3636363636,727985.3636363636,984067362.6199318,0.0,0.0,0.0,11504,4947888
followup,200M-25912217,585424,singleton,11,610496.4545454546,752914.0909090909,958931039.8794662,2.6233823755897645,2.0405883359288506,3.2061764152506784,11504,3988728
followup,200M-25912217,585424,adaptive,11,607141.7272727273,759867.0,964229559.1009977,2.059984903897643,1.4324523316552593,2.6875174761400267,11000,4396984
followup,200M-25912217,585424,native,11,557089.8181818182,693143.1818181818,1050861065.6548282,-6.35461333878045,-6.670433499960955,-6.0387931775999455,11504,4947888
followup,200M-25912217,585424,u256,11,599851.0909090909,732457.6363636364,975948879.4340171,0.8340888407116837,0.3964593851368976,1.2717182962864697,11504,4947888
followup,200M-25912218,716398,baseline,11,662670.6363636364,811194.8181818182,1081077024.826676,0.0,0.0,0.0,12672,5331419
followup,200M-25912218,716398,singleton,11,687459.6363636364,848521.7272727273,1042094636.6966867,3.7452114263576823,3.087508710146947,4.4029141425684175,12672,4298147
followup,200M-25912218,716398,adaptive,11,682593.6363636364,850953.0,1049523408.7098274,3.010753641417375,2.4501239490603144,3.5713833337744356,12138,4808155
followup,200M-25912218,716398,native,11,625453.5454545454,774529.2727272727,1145405610.386877,-5.612348586888502,-6.094231840972175,-5.130465332804829,12672,5331419
followup,200M-25912218,716398,u256,11,673010.0,823844.2727272727,1064468581.4475268,1.5640899170262932,1.0698471181243923,2.058332715928194,12672,5331419
followup,200M-25912219,603952,baseline,11,621122.7272727273,762629.0,972355338.939018,0.0,0.0,0.0,12010,5044683
followup,200M-25912219,603952,singleton,11,644174.1818181818,796561.7272727273,937560083.9750289,3.741943393657563,2.5847077330270873,4.899179054288039,12010,4078155
followup,200M-25912219,603952,adaptive,11,642126.3636363636,796467.9090909091,940550075.813455,3.4476546978109472,0.40346093894950474,6.49184845667239,11451,4686507
followup,200M-25912219,603952,native,11,582371.4545454546,726035.5454545454,1037056324.2516569,-6.20883363037645,-7.830695666693614,-4.586971594059286,12010,5044683
followup,200M-25912219,603952,u256,11,627117.5454545454,774496.2727272727,963060281.7247688,1.0072882959301945,-0.7112035676395427,2.725780159499932,12010,5044683
followup,200M-25912220,687892,baseline,11,689612.4545454546,864899.6363636364,997505186.3780671,0.0,0.0,0.0,12572,5384226
followup,200M-25912220,687892,singleton,11,721506.1818181818,888668.4545454546,953411096.5848211,4.64624408197997,3.707802750395382,5.584685413564558,12572,4418442
followup,200M-25912220,687892,adaptive,11,711889.4545454546,887530.7272727273,966290476.1515577,3.320630610504894,0.9624745202710145,5.678786700738774,12086,4955194
followup,200M-25912220,687892,native,11,642559.7272727273,803320.2727272727,1070549508.1674049,-6.752317881442803,-8.89047043442392,-4.614165328461686,12572,5384226
followup,200M-25912220,687892,u256,11,699635.9090909091,857389.7272727273,983214256.2462684,1.5629640931117617,-1.4391854977606642,4.565113683984188,12572,5384226
followup,200M-25912221,665182,baseline,11,665400.6363636364,828880.5454545454,999671421.4689797,0.0,0.0,0.0,12334,5325475
followup,200M-25912221,665182,singleton,11,698465.0,860223.0909090909,952348363.9122934,4.9986169942403,3.295641724189718,6.701592264290882,12334,4374427
followup,200M-25912221,665182,adaptive,11,685534.8181818182,868851.8181818182,970311036.5191981,3.0530215226306834,1.5466047770054672,4.559438268255899,11674,5113179
followup,200M-25912221,665182,native,11,626726.2727272727,781284.8181818182,1061359685.9525015,-5.789351297554014,-7.247952292170677,-4.330750302937352,12334,5325475
followup,200M-25912221,665182,u256,11,672457.6363636364,833124.2727272727,989180528.3036417,1.0914319338944691,-0.38993783920146363,2.572801706990402,12334,5325475
followup,200M-25912222,623267,baseline,11,608778.3636363636,747687.4545454546,1023799525.7865155,0.0,0.0,0.0,11213,5100278
followup,200M-25912222,623267,singleton,11,654092.9090909091,803363.5454545454,952872277.527435,7.449202650835826,6.941563492013509,7.956841809658142,11213,4312862
followup,200M-25912222,623267,adaptive,11,646184.1818181818,804545.4545454546,964534597.9319717,6.177918795004971,4.656828099407132,7.69900949060281,10651,4765502
followup,200M-25912222,623267,native,11,578746.2727272727,712440.2727272727,1076926158.0950296,-4.906819438759382,-6.340580853858429,-3.473058023660335,11213,5100278
followup,200M-25912222,623267,u256,11,627810.9090909091,758543.9090909091,992762296.696168,3.1376755795054065,2.3271594756295073,3.9481916833813058,11213,5100278
followup,200M-25912223,611845,baseline,11,633861.6363636364,785285.7272727273,965265863.872213,0.0,0.0,0.0,13093,5513186
followup,200M-25912223,611845,singleton,11,676287.3636363636,843130.0909090909,904711566.2639914,6.709010343830559,5.475726522163308,7.94229416549781,13093,4444682
followup,200M-25912223,611845,adaptive,11,673599.7272727273,858683.2727272727,908321329.7565306,6.2843547653252605,5.035277567689423,7.533431962961098,12614,5099082
followup,200M-25912223,611845,native,11,605577.0909090909,755214.5454545454,1010350307.4753038,-4.450317263186016,-6.52358820699806,-2.377046319373973,13093,5513186
followup,200M-25912223,611845,u256,11,640746.4545454546,790900.7272727273,954894085.8893129,1.087262387791169,0.023304585084745755,2.1512201904975923,13093,5513186
followup,200M-25912224,627082,baseline,11,590384.1818181818,714072.3636363636,1062159216.5101739,0.0,0.0,0.0,11560,4193927
followup,200M-25912224,627082,singleton,11,642772.3636363636,784760.0909090909,975589548.4560064,8.874410296971648,8.386645800313946,9.36217479362935,11560,3373079
followup,200M-25912224,627082,adaptive,11,624322.0,773726.8181818182,1004420795.6791527,5.751736039520723,5.010781692887034,6.492690386154412,10848,4101863
followup,200M-25912224,627082,native,11,566261.4545454546,694016.7272727273,1107407179.0801423,-4.082730221766152,-4.650849079144329,-3.5146113643879744,11560,4193927
followup,200M-25912224,627082,u256,11,615065.0,736672.5454545454,1019537772.4305562,4.181310260450867,3.6001596000959593,4.762460920805775,11560,4193927
followup,200M-25912225,610432,baseline,11,555011.2727272727,678096.5454545454,1099855138.0774577,0.0,0.0,0.0,10741,5122797
followup,200M-25912225,610432,singleton,11,589056.4545454546,727127.8181818182,1036287770.5347272,6.153750319672261,5.029532504781222,7.2779681345633,10741,4318605
followup,200M-25912225,610432,adaptive,11,578455.0909090909,722374.0909090909,1055279847.2923018,4.24512299086168,3.0956750822929298,5.39457089943043,10150,4851925
followup,200M-25912225,610432,native,11,541334.7272727273,660095.5454545454,1127642416.505197,-2.4380357089786706,-5.7231787367809694,0.8471073188236287,10741,5122797
followup,200M-25912225,610432,u256,11,571389.0,697952.7272727273,1068329981.8512433,2.9699105757844424,1.893552553283471,4.046268598285414,10741,5122797
followup,200M-25912226,587580,baseline,11,572620.7272727273,698520.6363636364,1026124225.0145582,0.0,0.0,0.0,10845,4995367
followup,200M-25912226,587580,singleton,11,612401.5454545454,753212.8181818182,959468512.7123218,6.976028001960009,5.741619174648653,8.210436829271366,10845,4237159
followup,200M-25912226,587580,adaptive,11,612848.3636363636,754344.7272727273,958768979.1869025,7.014929048790191,5.892738908166864,8.137119189413518,10143,4992831
followup,200M-25912226,587580,native,11,549428.8181818182,670520.8181818182,1069437897.241052,-4.045907702014873,-4.713001932097663,-3.378813471932082,10845,4995367
followup,200M-25912226,587580,u256,11,587968.2727272727,712690.0909090909,999339636.6006762,2.707346861245893,1.606345178817426,3.8083485436743603,10845,4995367
followup,200M-25912227,618794,baseline,11,570294.7272727273,698698.9090909091,1085042470.8627532,0.0,0.0,0.0,10801,4957695
followup,200M-25912227,618794,singleton,11,608866.7272727273,753071.2727272727,1016304508.4952163,6.764654525956115,6.538523414681247,6.990785637230983,10801,4170087
followup,200M-25912227,618794,adaptive,11,598310.9090909091,745817.2727272727,1034234861.169778,4.934503173477708,3.916977681351863,5.952028665603553,10168,5308343
followup,200M-25912227,618794,native,11,544206.7272727273,672344.3636363636,1137056873.7749057,-4.5491629661816635,-5.87906523243666,-3.219260699926667,10801,4957695
followup,200M-25912227,618794,u256,11,580642.4545454546,710885.0909090909,1065705745.6889054,1.8381524701710616,0.5768448564340112,3.099460083908112,10801,4957695
followup,200M-25912228,734806,baseline,11,709735.0,861878.2727272727,1035324452.0842286,0.0,0.0,0.0,13784,5755997
followup,200M-25912228,734806,singleton,11,757587.4545454546,942748.7272727273,969928944.2971,6.756981392636541,5.9553273303234135,7.558635454949668,13784,4768205
followup,200M-25912228,734806,adaptive,11,757080.7272727273,924402.9090909091,970578134.5762575,6.69234849140007,3.24372991650943,10.14096706629071,12998,6014757
followup,200M-25912228,734806,native,11,679620.3636363636,836878.7272727273,1081200681.021918,-4.229949442632707,-5.057515854722237,-3.4023830305431764,13784,5755997
followup,200M-25912228,734806,u256,11,733300.0909090909,888877.1818181818,1002053605.487819,3.3411893378230353,2.165038487809086,4.517340187836984,13784,5755997
followup,200M-25912229,731209,baseline,11,703621.9090909091,846870.8181818182,1039207265.3688881,0.0,0.0,0.0,13339,5674732
followup,200M-25912229,731209,singleton,11,763129.5454545454,933872.7272727273,958171524.5534984,8.514501828067603,6.314203749722138,10.714799906413068,13339,4762852
followup,200M-25912229,731209,adaptive,11,735803.7272727273,920924.8181818182,993755498.7798747,4.622809238786641,3.007307096056245,6.238311381517038,12413,6172348
followup,200M-25912229,731209,native,11,691557.1818181818,820178.8181818182,1057337005.8533252,-1.840354359133153,-6.942578965515314,3.261870247249008,13339,5674732
followup,200M-25912229,731209,u256,11,722358.0909090909,870198.5454545454,1012252799.826427,2.708209840269685,1.242274163669046,4.174145516870324,13339,5674732
followup,200M-25912230,685609,baseline,11,602271.2727272727,741686.9090909091,1138372409.6541214,0.0,0.0,0.0,11805,4180624
followup,200M-25912230,685609,singleton,11,653269.1818181818,804556.4545454546,1049504582.6160204,8.469388869605366,8.154943460246308,8.783834278964424,11805,3355624
followup,200M-25912230,685609,adaptive,11,634967.4545454546,784203.5454545454,1079754552.9176726,5.432646300541677,4.88730961712471,5.977982983958644,11071,3980584
followup,200M-25912230,685609,native,11,579483.5454545454,717916.0,1183137994.819525,-3.7794638626254935,-4.390445351384617,-3.16848237386637,11805,4180624
followup,200M-25912230,685609,u256,11,628000.5454545454,768567.3636363636,1091733128.1993675,4.2745337102020935,3.8343913022314884,4.714676118172698,11805,4180624
followup,200M-25912231,614847,baseline,11,621696.6363636364,766748.3636363636,988982349.3276391,0.0,0.0,0.0,12043,5071881
followup,200M-25912231,614847,singleton,11,659130.7272727273,813096.4545454546,932814955.455105,6.0274904659571735,5.393167132254981,6.661813799659366,12043,4175145
followup,200M-25912231,614847,adaptive,11,648718.3636363636,809593.5454545454,947787259.4102329,4.354350965271776,3.6614507304946162,5.047251200048935,11439,4835889
followup,200M-25912231,614847,native,11,593121.4545454546,742380.3636363636,1036629168.0869899,-4.590317001294456,-5.2072356251415615,-3.9733983774473502,12043,5071881
followup,200M-25912231,614847,u256,11,634480.7272727273,777241.3636363636,969055439.4660314,2.0638991947846526,1.23834211600141,2.889456273567895,12043,5071881
followup,300M-25912202,844816,baseline,11,871658.0,1058781.9090909092,969205812.3713658,0.0,0.0,0.0,15387,6110464
followup,300M-25912202,844816,singleton,11,915680.9090909091,1131856.0,922609602.9879404,5.12183084314397,3.2279830813843287,7.015678604903611,15387,5026648
followup,300M-25912202,844816,adaptive,11,908078.3636363636,1131055.1818181819,930333805.7928921,4.338540512434518,-0.09693162740199135,8.774012652271027,14425,6048120
followup,300M-25912202,844816,native,11,819575.2727272727,1015469.0,1030797326.5088081,-5.8606557734713265,-8.792149264002745,-2.929162282939908,15387,6110464
followup,300M-25912202,844816,u256,11,913560.0909090909,1124926.7272727273,924751429.4974476,5.075830834767276,-2.3922125114657566,12.543874181000309,15387,6110464
followup,300M-25912203,923936,baseline,11,868341.4545454546,1076911.7272727273,1064023829.7544451,0.0,0.0,0.0,15814,6353556
followup,300M-25912203,923936,singleton,11,928201.9090909091,1156117.2727272727,995404115.1508865,6.949789420989698,4.008410221245715,9.891168620733682,15814,5195148
followup,300M-25912203,923936,adaptive,11,916756.7272727273,1160685.1818181819,1007831164.4885666,5.612533841459568,3.6326097093860987,7.592457973533037,14976,5894300
followup,300M-25912203,923936,native,11,831923.9090909091,1030048.0909090909,1110601570.5326197,-4.172045852682854,-5.922613295578307,-2.4214784097874005,15814,6353556
followup,300M-25912203,923936,u256,11,898641.6363636364,1101324.2727272727,1028147331.0525846,3.511431879764481,1.7586732276331534,5.264190531895808,15814,6353556
followup,300M-25912204,860019,baseline,11,854133.2727272727,1039920.0,1006890876.940005,0.0,0.0,0.0,16439,6411659
followup,300M-25912204,860019,singleton,11,926706.8181818182,1135974.5454545454,928037846.6269855,8.501004920839279,7.448712689775304,9.553297151903253,16439,5269403
followup,300M-25912204,860019,adaptive,11,908586.0,1128754.2727272727,946546611.9882983,6.383669235556742,5.647300007510398,7.120038463603087,15504,6442699
followup,300M-25912204,860019,native,11,821181.5454545454,1002244.8181818182,1047294602.2233818,-3.849662638486821,-4.890780347459971,-2.808544929513671,16439,6411659
followup,300M-25912204,860019,u256,11,884439.7272727273,1069993.1818181819,972388477.6772393,3.555202339972582,2.9236715901396413,4.186733089805522,16439,6411659
followup,300M-25912205,880070,baseline,11,847221.3636363636,1027640.5454545454,1038772200.246045,0.0,0.0,0.0,16530,6446095
followup,300M-25912205,880070,singleton,11,925802.5454545454,1132242.0909090908,950602268.616477,9.280036450154096,8.290407570785689,10.269665329522503,16530,5315791
followup,300M-25912205,880070,adaptive,11,906353.9090909091,1117677.1818181819,971000390.8768128,6.985285677419588,6.315169337422238,7.655402017416939,15639,6460439
followup,300M-25912205,880070,native,11,826682.7272727273,983825.6363636364,1064580123.6266304,-2.403599167637115,-7.497920538079001,2.690722202804771,16530,6446095
followup,300M-25912205,880070,u256,11,883566.3636363636,1061483.5454545454,996042896.402287,4.29512195257932,3.389345584874805,5.2008983202838355,16530,6446095
followup,300M-25912206,935306,baseline,11,859259.2727272727,1050961.1818181819,1088502655.352623,0.0,0.0,0.0,16786,6553032
followup,300M-25912206,935306,singleton,11,929232.3636363636,1145806.9090909092,1006536186.8584392,8.1614232701194,6.842556259676123,9.480290280562675,16786,5346624
followup,300M-25912206,935306,adaptive,11,912424.3636363636,1129199.1818181819,1025077844.559569,6.213887571172562,3.8177011121604294,8.610074030184695,15819,6483976
followup,300M-25912206,935306,native,11,824277.8181818182,1013120.7272727273,1134697524.7533488,-4.055055256262238,-4.932186913534375,-3.177923598990102,16786,6553032
followup,300M-25912206,935306,u256,11,892393.2727272727,1084546.3636363635,1048087237.526545,3.8773241992689287,2.7153718764492973,5.03927652208856,16786,6553032
followup,300M-25912207,857845,baseline,11,896333.8181818182,1108997.9090909092,957059727.7475356,0.0,0.0,0.0,17044,8662621
followup,300M-25912207,857845,singleton,11,945695.9090909091,1173876.6363636365,907104484.3840346,5.51176827277448,4.634014554912101,6.38952199063686,17044,7347589
followup,300M-25912207,857845,adaptive,11,928601.9090909091,1162061.0,923802752.9362079,3.602891667285878,3.1066117860414404,4.0991715485303155,16212,8011949
followup,300M-25912207,857845,native,11,838090.4545454546,1048377.9090909091,1023570898.9971249,-6.495977267104993,-6.782853561488131,-6.209100972721855,17044,8662621
followup,300M-25912207,857845,u256,11,908860.2727272727,1134059.2727272727,943868959.5550392,1.3980848927200862,0.9802387202223114,1.8159310652178609,17044,8662621
followup,300M-25912208,924392,baseline,11,869646.9090909091,1062510.1818181819,1062950940.5907267,0.0,0.0,0.0,16207,8580292
followup,300M-25912208,924392,singleton,11,904617.9090909091,1122659.9090909092,1021859053.0989629,4.031268860487036,3.1772135412606586,4.885324179713414,16207,7287628
followup,300M-25912208,924392,adaptive,11,897194.0909090909,1115937.0909090908,1030314409.5201858,3.178624943371852,1.9514905318634939,4.40575935488021,15513,7812956
followup,300M-25912208,924392,native,11,822089.4545454546,1015917.3636363636,1124442108.9321842,-5.460585596098447,-6.242481504587135,-4.678689687609759,16207,8580292
followup,300M-25912208,924392,u256,11,883861.8181818182,1080748.9090909092,1045855789.880771,1.6455057193617295,0.776065660144416,2.514945778579043,16207,8580292
followup,300M-25912209,970600,baseline,11,950474.1818181818,1163102.3636363635,1021174502.7553712,0.0,0.0,0.0,17839,8853466
followup,300M-25912209,970600,singleton,11,991410.3636363636,1226965.0,979009334.1771878,4.30760235027713,3.997503762055301,4.617700938498959,17839,7451650
followup,300M-25912209,970600,adaptive,11,988005.5454545454,1219518.5454545454,982383150.0393677,3.9577780121304076,2.076067210279017,5.839488813981799,17063,8115282
followup,300M-25912209,970600,native,11,890466.3636363636,1101824.6363636365,1089990638.2049038,-6.3123465081702514,-6.858683681775924,-5.766009334564579,17839,8853466
followup,300M-25912209,970600,u256,11,965900.6363636364,1178985.0,1004865266.1147999,1.625100202713595,1.0396051469563277,2.210595258470862,17839,8853466
followup,300M-25912210,915771,baseline,11,939872.5454545454,1132251.5454545454,974356581.0373902,0.0,0.0,0.0,17163,6507830
followup,300M-25912210,915771,singleton,11,991833.1818181818,1205479.1818181819,923311517.2868605,6.32222450995441,-1.6606725873027592,14.305121607211579,17163,5213846
followup,300M-25912210,915771,adaptive,11,967923.8181818182,1190440.0,946118881.256808,3.6665175402212227,-2.273607404670512,9.606642485112957,16227,6461918
followup,300M-25912210,915771,native,11,884000.9090909091,1075077.0909090908,1035938979.9064378,-5.252684180975539,-10.899284453867512,0.3939160919164344,17163,6507830
followup,300M-25912210,915771,u256,11,941960.3636363636,1178612.0909090908,972196957.9109871,0.9237571391476809,-5.012442540393674,6.859956818689036,17163,6507830
followup,300M-25912211,958731,baseline,11,960628.3636363636,1186426.6363636365,998024872.3562759,0.0,0.0,0.0,18597,6980690
followup,300M-25912211,958731,singleton,11,1019827.2727272727,1269189.0909090908,940091548.4796891,6.166305292332506,5.527856192597561,6.804754392067451,18597,5575418
followup,300M-25912211,958731,adaptive,11,1012875.9090909091,1269495.9090909092,946543393.3170491,5.444996894161144,4.742372669103691,6.147621119218597,17820,6375610
followup,300M-25912211,958731,native,11,915688.2727272727,1141631.3636363635,1047005873.6741593,-4.66150100136096,-6.622392703032919,-2.7006092996890008,18597,6980690
followup,300M-25912211,958731,u256,11,986127.1818181818,1215474.8181818181,972218409.2241837,2.657995542303946,2.137373799403435,3.1786172852044565,18597,6980690
followup,300M-25912212,841414,baseline,11,798809.0909090909,975581.3636363636,1053335533.5783951,0.0,0.0,0.0,15519,6315245
followup,300M-25912212,841414,singleton,11,863778.0,1064413.7272727273,974109088.214796,8.137592655162845,7.460901356867097,8.814283953458592,15519,5214365
followup,300M-25912212,841414,adaptive,11,854137.5454545454,1066383.8181818181,985103634.0431864,6.932052529320292,6.099242603892803,7.764862454747782,14629,6313885
followup,300M-25912212,841414,native,11,762174.0,941121.0,1103965761.0991716,-4.580169783558679,-5.312131699901068,-3.8482078672162903,15519,6315245
followup,300M-25912212,841414,u256,11,829617.2727272727,1006028.1818181818,1014219481.2723063,3.8619129192496517,3.1191204549116547,4.604705383587649,15519,6315245
followup,300M-25912213,882874,baseline,11,839780.7272727273,1029418.3636363636,1051314910.3423967,0.0,0.0,0.0,15545,6255672
followup,300M-25912213,882874,singleton,11,893852.5454545454,1109417.3636363635,987717721.9997035,6.441955031587479,5.954589033889325,6.929321029285634,15545,5126256
followup,300M-25912213,882874,adaptive,11,876960.2727272727,1087373.8181818181,1006743438.0514594,4.441298913393353,3.525285839342543,5.357311987444163,14696,6064696
followup,300M-25912213,882874,native,11,803355.0,991162.5454545454,1098983637.3707764,-4.332952889627517,-4.731752030752017,-3.934153748503017,15545,6255672
followup,300M-25912213,882874,u256,11,869667.1818181818,1054956.1818181819,1015186060.2054768,3.5647364696649775,2.4760034179594532,4.653469521370502,15545,6255672
followup,300M-25912214,863121,baseline,11,804139.4545454546,979482.8181818182,1073347408.9862748,0.0,0.0,0.0,14908,6063899
followup,300M-25912214,863121,singleton,11,863862.1818181818,1062136.7272727273,999142013.8144932,7.463004772606114,5.71277329281799,9.213236252394239,14908,5032883
followup,300M-25912214,863121,adaptive,11,845413.7272727273,1049893.8181818181,1020945097.2417915,5.172764946080696,3.5490464505279653,6.796483441633427,13928,6603571
followup,300M-25912214,863121,native,11,762414.5454545454,942834.2727272727,1132088842.147436,-5.153971462559955,-6.487111631247696,-3.820831293872214,14908,6063899
followup,300M-25912214,863121,u256,11,827438.3636363636,1002918.2727272727,1043124222.8204418,2.9368466463284757,1.1049980460475686,4.768695246609383,14908,6063899
followup,300M-25912215,874536,baseline,11,831896.6363636364,1004871.4545454546,1051255602.8868535,0.0,0.0,0.0,15980,6452494
followup,300M-25912215,874536,singleton,11,895456.8181818182,1096382.5454545454,976636709.0438856,7.654117922658209,6.903469677781339,8.40476616753508,15980,5345854
followup,300M-25912215,874536,adaptive,11,881862.2727272727,1086057.3636363635,991692271.0565503,6.02484279595566,4.913871669430096,7.1358139224812245,14984,6846598
followup,300M-25912215,874536,native,11,797225.0909090909,975052.0909090909,1096975007.4006703,-4.145952698507437,-5.638534151377272,-2.6533712456376017,15980,6452494
followup,300M-25912215,874536,u256,11,862648.6363636364,1040826.2727272727,1013780075.844637,3.7201687008350692,2.267233372189497,5.173104029480641,15980,6452494
followup,300M-25912216,918764,baseline,11,847536.4545454546,1025465.8181818182,1084040686.47731,0.0,0.0,0.0,16498,6541333
followup,300M-25912216,918764,singleton,11,922329.4545454546,1133402.0909090908,996134293.9576708,8.826746390390975,8.47617004614202,9.17732273463993,16498,5407981
followup,300M-25912216,918764,adaptive,11,905757.8181818182,1116481.9090909092,1014359447.4782342,6.871756719869437,6.455814559594718,7.2876988801441565,15527,6714485
followup,300M-25912216,918764,native,11,814678.0,994650.5454545454,1127763361.720827,-3.8751705712223226,-4.332102468726335,-3.41823867371831,16498,6541333
followup,300M-25912216,918764,u256,11,885848.5454545454,1066284.0,1037156977.5830755,4.52212624932752,4.167574386873202,4.876678111781837,16498,6541333
followup,300M-25912217,893561,baseline,11,878870.1818181818,1082751.0,1016715572.4312165,0.0,0.0,0.0,16412,6310463
followup,300M-25912217,893561,singleton,11,933482.2727272727,1161540.0,957234032.2964696,6.263372477454836,4.584215460536777,7.942529494372895,16412,5139695
followup,300M-25912217,893561,adaptive,11,910577.0909090909,1143322.2727272727,981312849.7532234,3.6401907752797746,2.2255741446350807,5.0548074059244685,15458,6218495
followup,300M-25912217,893561,native,11,826787.0,1019405.8181818182,1080763243.7375042,-5.8625007847946735,-7.825411369315473,-3.899590200273874,16412,6310463
followup,300M-25912217,893561,u256,11,896740.8181818182,1088990.0909090908,996454027.6104913,2.093541782780206,0.019153040576518787,4.167930524983893,16412,6310463
followup,300M-25912218,897083,baseline,11,904077.6363636364,1112664.4545454546,992263234.8348202,0.0,0.0,0.0,17171,8647894
followup,300M-25912218,897083,singleton,11,956834.2727272727,1204302.6363636365,937553164.1890678,5.840555143329293,5.3428720723983565,6.338238214260229,17171,7338214
followup,300M-25912218,897083,adaptive,11,939054.7272727273,1169178.9090909092,955304279.8744811,3.872454361831459,3.204304289037499,4.540604434625418,16492,7905414
followup,300M-25912218,897083,native,11,847800.0909090909,1054448.0,1058130341.8333718,-6.220812097311526,-6.886467665657554,-5.555156528965499,17171,8647894
followup,300M-25912218,897083,u256,11,916418.5454545454,1123278.6363636365,978900966.648427,1.3676974519514158,0.8431180522095869,1.8922768516932447,17171,8647894
followup,300M-25912219,864982,baseline,11,855771.8181818182,1071921.7272727273,1010762427.1125798,0.0,0.0,0.0,15456,6035981
followup,300M-25912219,864982,singleton,11,917279.4545454546,1119410.5454545454,942986344.7978677,7.166378122539699,5.912072383442124,8.420683861637276,15456,4904741
followup,300M-25912219,864982,adaptive,11,886267.5454545454,1097257.1818181819,975982934.7653382,3.573089996313805,2.408903342108772,4.737276650518838,14594,5577805
followup,300M-25912219,864982,native,11,803606.2727272727,988655.7272727273,1076375371.0687585,-6.0731743273668535,-7.395859162623456,-4.750489492110251,15456,6035981
followup,300M-25912219,864982,u256,11,860759.6363636364,1048931.4545454546,1004905392.234935,0.6034008983673184,-0.49196295406226687,1.6987647507969035,15456,6035981
followup,300M-25912220,855922,baseline,11,844261.6363636364,1040351.4545454546,1013811315.2773193,0.0,0.0,0.0,16030,6085813
followup,300M-25912220,855922,singleton,11,906182.4545454546,1119594.0909090908,944536054.1981963,7.34303158592114,6.546549197025551,8.13951397481673,16030,4902181
followup,300M-25912220,855922,adaptive,11,875747.8181818182,1095524.5454545454,977361270.2535993,3.737458705315978,3.114043688041055,4.360873722590901,15108,5933909
followup,300M-25912220,855922,native,11,792903.0909090909,989195.0909090909,1079478702.773949,-6.081046428235037,-6.465926197769006,-5.696166658701069,16030,6085813
followup,300M-25912220,855922,u256,11,855598.7272727273,1045027.6363636364,1000377832.1740884,1.3497188924427044,0.6336934601031023,2.0657443247823064,16030,6085813
followup,300M-25912221,838231,baseline,11,888186.5454545454,1084106.7272727273,943755570.5947113,0.0,0.0,0.0,15901,6251675
followup,300M-25912221,838231,singleton,11,965584.7272727273,1203367.4545454546,868107144.1214329,8.837244400129812,2.025003995713062,15.649484804546562,15901,5134667
followup,300M-25912221,838231,adaptive,11,943650.8181818182,1184171.3636363635,888285140.911618,6.271933265465612,4.464861773918153,8.07900475701307,14967,6016275
followup,300M-25912221,838231,native,11,853866.7272727273,1052099.9090909092,981688328.1976941,-3.80027024891206,-6.597696960116023,-1.002843537708097,15901,6251675
followup,300M-25912221,838231,u256,11,923967.7272727273,1129949.1818181819,907208093.1594915,4.0573110151511385,0.35231487364355774,7.76230715665872,15901,6251675
followup,300M-25912222,883396,baseline,11,865135.7272727273,1053414.0909090908,1021106830.0055493,0.0,0.0,0.0,16451,6352545
followup,300M-25912222,883396,singleton,11,937126.0909090909,1163421.0909090908,942665035.761657,8.343492498163208,6.999150176340996,9.687834819985419,16451,5205873
followup,300M-25912222,883396,adaptive,11,918729.7272727273,1128679.6363636365,961540672.7094634,6.216245536396787,4.568228601279123,7.864262471514452,15472,6801177
followup,300M-25912222,883396,native,11,816355.0,1007383.9090909091,1082122360.9826608,-5.620229490003423,-6.807125715772325,-4.433333264234521,16451,6352545
followup,300M-25912222,883396,u256,11,887396.5454545454,1073172.8181818181,995491817.6377436,2.5999014209690894,0.9950524052792225,4.204750436658957,16451,6352545
followup,300M-25912223,799048,baseline,11,807338.0909090909,976272.9090909091,989731574.6619164,0.0,0.0,0.0,15255,6029838
followup,300M-25912223,799048,singleton,11,872415.9090909091,1067664.1818181819,915902600.6674256,8.106019966826791,6.620439447791935,9.591600485861647,15255,4960998
followup,300M-25912223,799048,adaptive,11,839730.4545454546,1040264.0909090909,951552960.4467233,4.0591956575372246,2.545812411075115,5.572578903999334,14235,6446398
followup,300M-25912223,799048,native,11,766484.3636363636,941908.4545454546,1042484410.5222807,-5.022322519655464,-6.328608221662244,-3.7160368176486847,15255,6029838
followup,300M-25912223,799048,u256,11,818597.4545454546,994939.9090909091,976118354.0983403,1.4435890896339423,-0.21326595068797616,3.1004441299558607,15255,6029838
followup,300M-25912224,968500,baseline,11,900439.7272727273,1103039.2727272727,1075585595.1995978,0.0,0.0,0.0,16579,8760971
followup,300M-25912224,968500,singleton,11,954537.3636363636,1182245.0909090908,1014627647.7962527,6.0220888946264015,3.5714267315111896,8.472751057741613,16579,7479227
followup,300M-25912224,968500,adaptive,11,934923.6363636364,1178828.7272727273,1035913482.4817972,3.8469004355584415,1.6752367950478901,6.0185640760689925,15864,8189139
followup,300M-25912224,968500,native,11,853659.8181818182,1054095.7272727273,1134526868.1648576,-5.190192220308688,-6.100610428291725,-4.279774012325651,16579,8760971
followup,300M-25912224,968500,u256,11,922999.0909090909,1121505.2727272727,1049296808.1323826,2.510476977074811,1.682721989253525,3.3382319648960967,16579,8760971
followup,300M-25912225,929279,baseline,11,901653.1818181818,1111016.1818181819,1030639073.5804989,0.0,0.0,0.0,16934,8670857
followup,300M-25912225,929279,singleton,11,951831.8181818182,1182667.2727272727,976305879.0943778,5.566283464382676,4.8856958326014475,6.246871096163904,16934,7373033
followup,300M-25912225,929279,adaptive,11,923191.6363636364,1178397.0909090908,1006593824.5068393,2.392168235999903,0.9247422181749443,3.859594253824862,16102,8209729
followup,300M-25912225,929279,native,11,837922.5454545454,1048363.1818181818,1109027326.0231907,-7.066408678158383,-7.523959231632169,-6.6088581246845965,16934,8670857
followup,300M-25912225,929279,u256,11,906510.9090909091,1117446.1818181819,1025116179.7180399,0.5404670087170332,0.006158949246595102,1.0747750681874715,16934,8670857
followup,300M-25912226,850837,baseline,11,808876.1818181818,992665.7272727273,1051875452.7887064,0.0,0.0,0.0,14810,6034717
followup,300M-25912226,850837,singleton,11,856439.8181818182,1059278.0909090908,993458012.9708205,5.88871848056796,5.177568106178859,6.599868854957061,14810,4919053
followup,300M-25912226,850837,adaptive,11,833933.6363636364,1034220.0,1020269434.999733,3.1029542115621376,2.1859396335591073,4.0199687895651675,14080,5634197
followup,300M-25912226,850837,native,11,762294.0909090909,946040.5454545454,1116153214.549145,-5.748743940947229,-6.540286300138963,-4.957201581755495,14810,6034717
followup,300M-25912226,850837,u256,11,819916.5454545454,1002536.0909090909,1037711709.4622269,1.369151655090216,0.6883785758110839,2.0499247343693483,14810,6034717
followup,300M-25912227,934075,baseline,11,842773.7272727273,1030359.8181818182,1108334265.5005748,0.0,0.0,0.0,16326,6468953
followup,300M-25912227,934075,singleton,11,916822.0,1174906.3636363635,1018818265.7047933,8.787067693680733,8.213515960439924,9.360619426921541,16326,5282729
followup,300M-25912227,934075,adaptive,11,890392.0909090909,1110947.0909090908,1049060306.7310591,5.652165058250827,5.029751502385627,6.274578614116027,15380,6653009
followup,300M-25912227,934075,native,11,804192.5454545454,992673.4545454546,1161506663.1487393,-4.576925919721571,-5.342759880159598,-3.8110919592835444,16326,6468953
followup,300M-25912227,934075,u256,11,866406.9090909091,1055337.7272727273,1078101975.179414,2.808322317101496,1.9759568306691333,3.640687803533859,16326,6468953
followup,300M-25912228,859214,baseline,11,871873.3636363636,1068714.0,985480272.5208112,0.0,0.0,0.0,16286,6336707
followup,300M-25912228,859214,singleton,11,937985.9090909091,1159993.6363636365,916020157.309981,7.586885128483001,6.712631335657082,8.461138921308919,16286,5182811
followup,300M-25912228,859214,adaptive,11,913645.8181818182,1132326.8181818181,940423502.0851525,4.794701969011634,3.629668488548016,5.959735449475253,15367,6157163
followup,300M-25912228,859214,native,11,817196.8181818182,1012166.1818181818,1051416232.7646672,-6.269026878466397,-6.632689507334617,-5.905364249598176,16286,6336707
followup,300M-25912228,859214,u256,11,885536.1818181818,1082043.1818181819,970275430.4582597,1.5703228829018363,0.9403248874251994,2.200320878378473,16286,6336707
followup,300M-25912229,836897,baseline,11,887806.6363636364,1045293.1818181818,942656841.84097,0.0,0.0,0.0,15988,6261055
followup,300M-25912229,836897,singleton,11,939073.5454545454,1153183.5454545454,891194309.5946885,6.2786642975111695,1.493744924239918,11.063583670782421,15988,5141263
followup,300M-25912229,836897,adaptive,11,923694.0,1138201.1818181819,906032733.784132,4.565531033655321,-0.5190161988158684,9.65007826612651,15202,6570935
followup,300M-25912229,836897,native,11,821790.9090909091,1033635.9090909091,1018381915.3290485,-6.944849132717789,-11.810972052655814,-2.078726212779765,15988,6261055
followup,300M-25912229,836897,u256,11,880884.8181818182,1081289.6363636365,950064052.3325049,-0.29751307583070613,-4.858974016778922,4.263947865117509,15988,6261055
followup,300M-25912230,885901,baseline,11,857752.6363636364,1056070.5454545454,1032816411.6821558,0.0,0.0,0.0,16753,6220162
followup,300M-25912230,885901,singleton,11,914178.1818181818,1134063.0,969068194.384226,6.5954381151493084,5.652454429825082,7.538421800473535,16753,4999618
followup,300M-25912230,885901,adaptive,11,893421.8181818182,1112485.0,991582007.4809414,4.186148630913129,1.8962141187269772,6.476083143099281,15886,5868042
followup,300M-25912230,885901,native,11,814835.4545454546,1028790.0909090909,1087214596.5889375,-4.988624815060501,-6.172770746966433,-3.8044788831545686,16753,6220162
followup,300M-25912230,885901,u256,11,895723.9090909091,1068608.0909090908,989033552.6480715,4.444562681614399,-0.8582668742806483,9.747392237509446,16753,6220162
followup,300M-25912231,876447,baseline,11,868522.0,1075623.6363636365,1009124696.8988695,0.0,0.0,0.0,17536,6360957
followup,300M-25912231,876447,singleton,11,914796.0,1152571.0,958079178.3086065,5.334865566299371,4.805430640885113,5.864300491713628,17536,5043165
followup,300M-25912231,876447,adaptive,11,883465.1818181818,1127532.3636363635,992056074.2374269,1.7347812096295474,0.8052235307610165,2.6643388884980785,16653,5998773
followup,300M-25912231,876447,native,11,819048.2727272727,1028523.5454545454,1070079785.5071479,-5.681986327187814,-6.608016964794426,-4.755955689581202,17536,6360957
followup,300M-25912231,876447,u256,11,883476.8181818182,1084920.7272727273,992043007.7652909,1.7429839444744935,-0.10188498453731021,3.5878528734862973,17536,6360957
followup,scaled-2x,1689628,baseline,11,1654345.4545454546,2005563.6363636365,1021327193.397004,0.0,0.0,0.0,30763,12221504
followup,scaled-2x,1689628,singleton,11,1766141.1818181819,2175076.3636363638,956677765.8514173,6.762699121823392,6.283758552330343,7.241639691316441,30763,10053872
followup,scaled-2x,1689628,adaptive,11,1713253.8181818181,2161737.8181818184,986209971.9661556,3.568495739167318,2.8371498949791154,4.299841583355521,28849,12686064
followup,scaled-2x,1689628,native,11,1547086.3636363635,1912900.7272727273,1092135539.2394502,-6.476984891224687,-7.114113448864378,-5.839856333584995,30763,12221504
followup,scaled-2x,1689628,u256,11,1678129.8181818181,2051530.4545454546,1006851783.2730246,1.4428014665276363,0.8116642837977275,2.073938649257545,30763,12221504
followup,scaled-4x,3379252,baseline,11,3318029.5454545454,4133864.909090909,1018451449.4843256,0.0,0.0,0.0,61514,24443584
followup,scaled-4x,3379252,singleton,11,3570778.5454545454,4357391.545454546,946362804.9131328,7.699003346993753,4.06172562942333,11.336281064564176,61514,20108320
followup,scaled-4x,3379252,adaptive,11,3425809.6363636362,4285968.636363637,986409742.1323576,3.3146293690706177,1.0233002503485231,5.605958487792712,57696,25961952
followup,scaled-4x,3379252,native,11,3108043.909090909,3803574.4545454546,1087260057.7217772,-6.266473664980049,-8.342691657346968,-4.19025567261313,61514,24443584
followup,scaled-4x,3379252,u256,11,3354593.8181818184,4209502.090909091,1007350571.5310553,1.1669656775361077,-1.1638815491037489,3.497812904175964,61514,24443584
followup,scaled-accounts-1,28,baseline,11,55.36363636363637,43.09090909090909,505747126.4367816,0.0,0.0,0.0,1,576
followup,scaled-accounts-1,28,singleton,11,48.09090909090909,33.36363636363637,582230623.8185254,-13.114033302121081,-14.725212371208222,-11.50285423303394,1,144
followup,scaled-accounts-1,28,adaptive,11,49.18181818181818,33.0,569316081.3308688,-11.1335138216016,-13.442165032017236,-8.824862611185964,1,144
followup,scaled-accounts-1,28,native,11,43.72727272727273,32.09090909090909,640332640.3326403,-20.998961853193826,-22.390723813124712,-19.60719989326294,1,576
followup,scaled-accounts-1,28,u256,11,43.36363636363637,32.72727272727273,645702306.0796645,-21.660118877987212,-22.535297198772508,-20.784940557201917,1,576
followup,scaled-accounts-1024,151840,baseline,11,119087.81818181818,138789.18181818182,1275025458.6760268,0.0,0.0,0.0,2526,893546
followup,scaled-accounts-1024,151840,singleton,11,134152.54545454544,156400.54545454544,1131845836.2867782,12.755473496321857,9.405280015349422,16.10566697729429,2526,714698
followup,scaled-accounts-1024,151840,adaptive,11,135565.9090909091,164162.18181818182,1120045600.0938826,13.89918499438566,11.692424384774334,16.105945603996986,2331,1184946
followup,scaled-accounts-1024,151840,native,11,117672.18181818182,132604.18181818182,1290364448.5373077,-1.0457887706163203,-9.772483414563858,7.680905873331217,2526,893546
followup,scaled-accounts-1024,151840,u256,11,119892.0,140804.18181818182,1266473159.1765924,0.7816082532013753,-2.9921328074753055,4.555349313878056,2526,893546
followup,scaled-accounts-16,4209,baseline,11,2522.7272727272725,2778.7272727272725,1668432432.4324327,0.0,0.0,0.0,58,17280
followup,scaled-accounts-16,4209,singleton,11,2859.4545454545455,3032.090909090909,1471959051.3130286,13.350789902548764,9.77572904888807,16.925850756209456,58,14064
followup,scaled-accounts-16,4209,adaptive,11,2463.909090909091,2609.6363636363635,1708261078.1094344,-2.326981173053467,-4.674507801256407,0.02054545514947348,46,28888
followup,scaled-accounts-16,4209,native,11,2208.3636363636365,2571.818181818182,1905936110.653713,-12.457093028647853,-13.051934976174127,-11.862251081121578,58,17280
followup,scaled-accounts-16,4209,u256,11,2527.6363636363635,2835.5454545454545,1665192058.6965904,0.15388775575777458,-4.944117815755311,5.25189332727086,58,17280
followup,scaled-accounts-256,73119,baseline,11,47648.181818181816,55128.63636363636,1534560128.2124665,0.0,0.0,0.0,1034,391671
followup,scaled-accounts-256,73119,singleton,11,58014.454545454544,61542.27272727273,1260358311.956738,22.378309662247933,15.7913495500887,28.965269774407165,1034,311655
followup,scaled-accounts-256,73119,adaptive,11,52653.36363636364,62999.0,1388686210.1531975,11.180701983397128,5.371217520867427,16.99018644592683,928,610223
followup,scaled-accounts-256,73119,native,11,43104.90909090909,51128.90909090909,1696303310.7387052,-9.092548057918664,-12.922582539480935,-5.262513576356394,1034,391671
followup,scaled-accounts-256,73119,u256,11,48651.818181818184,57943.09090909091,1502903750.2102134,2.684360948789249,-2.4826251278130353,7.851347025391533,1034,391671
followup,scaled-accounts-4,110,baseline,11,151.8181818181818,140.0,724550898.2035929,0.0,0.0,0.0,1,576
followup,scaled-accounts-4,110,singleton,11,119.81818181818181,109.45454545454545,918057663.1259484,-21.073753961199138,-22.247992708880375,-19.8995152135179,1,576
followup,scaled-accounts-4,110,adaptive,11,124.54545454545455,111.81818181818181,883211678.8321167,-17.97204936265389,-19.90279488918384,-16.04130383612394,1,576
followup,scaled-accounts-4,110,native,11,110.63636363636364,102.36363636363636,994248151.1914544,-27.126897957034974,-28.105406956484114,-26.148388957585833,1,576
followup,scaled-accounts-4,110,u256,11,109.27272727272727,101.27272727272727,1006655574.0432613,-28.01302584325699,-29.113310363315335,-26.912741323198645,1,576
followup,scaled-accounts-64,49159,baseline,11,28882.272727272728,33641.27272727273,1702047496.8917706,0.0,0.0,0.0,626,250688
followup,scaled-accounts-64,49159,singleton,11,36632.72727272727,38835.818181818184,1341942128.250943,26.856714689281656,25.350893940010327,28.362535438552985,626,204632
followup,scaled-accounts-64,49159,adaptive,11,31851.909090909092,36756.181818181816,1543361180.006336,10.316262662063554,8.395853987295641,12.236671336831467,541,377104
followup,scaled-accounts-64,49159,native,11,28070.727272727272,32019.18181818182,1751254946.9197936,-2.7946092523517208,-6.203962964756383,0.6147444600529415,626,250688
followup,scaled-accounts-64,49159,u256,11,31454.18181818182,35437.90909090909,1562876449.4387217,8.938499903942622,6.774818902838492,11.102180905046753,626,250688
followup,shape-code-1048576,1033638,baseline,11,19290.545454545456,20248.18181818182,53582621727.082504,0.0,0.0,0.0,91,1056736
followup,shape-code-1048576,1033638,singleton,11,18953.090909090908,19989.363636363636,54536645497.97587,-1.6976381884418412,-3.713226097231422,0.3179497203477397,91,1051576
followup,shape-code-1048576,1033638,adaptive,11,18580.272727272728,19544.18181818182,55630937993.864456,-3.5619760319973595,-6.123374662821087,-1.0005774011736315,87,1039912
followup,shape-code-1048576,1033638,native,11,19114.81818181818,19699.090909090908,54075220081.51696,-0.7916521166355096,-3.56567425698519,1.9823700237141706,91,1056736
followup,shape-code-1048576,1033638,u256,11,18649.636363636364,19650.909090909092,55424029715.42219,-3.1878441497771677,-6.046292381710487,-0.3293959178438479,91,1056736
followup,shape-code-4096,4105,baseline,11,124.54545454545455,121.0909090909091,32959854014.59854,0.0,0.0,0.0,3,4800
followup,shape-code-4096,4105,singleton,11,116.0909090909091,112.18181818181819,35360219263.899765,-6.74793337241604,-9.078276281638068,-4.417590463194011,3,4248
followup,shape-code-4096,4105,adaptive,11,115.63636363636364,112.81818181818181,35499213836.47799,-7.088021891924278,-9.982335189197045,-4.193708594651512,3,4248
followup,shape-code-4096,4105,native,11,118.0,113.18181818181819,34788135593.22034,-5.195804560307596,-9.153344154391833,-1.2382649662233578,3,4800
followup,shape-code-4096,4105,u256,11,120.0,114.9090909090909,34208333333.333332,-3.6300049113034367,-5.041613787779833,-2.21839603482704,3,4800
followup,shape-code-4194304,4182616,baseline,11,79572.81818181818,83398.36363636363,52563376484.20372,0.0,0.0,0.0,355,4276992
followup,shape-code-4194304,4182616,singleton,11,78160.36363636363,86304.90909090909,53513261778.81372,-1.7786486721184518,-4.13478559443218,0.577488250195276,355,4256112
followup,shape-code-4194304,4182616,adaptive,11,76728.63636363637,84546.27272727272,54511798960.91894,-3.552202686647512,-4.946381476134761,-2.158023897160264,349,4208016
followup,shape-code-4194304,4182616,native,11,76496.0,80346.27272727272,54677577912.570595,-3.840789928972169,-5.330888212353456,-2.3506916455908824,355,4276992
followup,shape-code-4194304,4182616,u256,11,77772.09090909091,82607.90909090909,53780423685.52402,-2.2604304335210665,-3.274995397502213,-1.2458654695399203,355,4276992
followup,shape-code-65536,48079,baseline,11,597.9090909090909,608.8181818181819,80411889919.41615,0.0,0.0,0.0,5,48896
followup,shape-code-65536,48079,singleton,11,615.2727272727273,614.3636363636364,78142582742.31679,3.025169830218901,-0.31756280462830944,6.367902465066112,5,48656
followup,shape-code-65536,48079,adaptive,11,621.6363636363636,628.0909090909091,77342644047.96724,4.102502712572125,-1.561290276809312,9.766295701953563,5,48368
followup,shape-code-65536,48079,native,11,602.7272727272727,625.1818181818181,79769079939.66817,0.9171126649332889,-2.4233394335250185,4.2575647633915965,5,48896
followup,shape-code-65536,48079,u256,11,627.7272727272727,623.9090909090909,76592179580.01448,5.213608061381571,-2.6389180091315314,13.066134131894673,5,48896
followup,shape-few-large-1048576,980764,baseline,11,541695.9090909091,640545.7272727273,1810543486.7432332,0.0,0.0,0.0,14727,6159552
followup,shape-few-large-1048576,980764,singleton,11,596134.4545454546,731316.2727272727,1645206031.1592305,12.431418474508922,2.7042604549063842,22.158576494111458,14727,4690752
followup,shape-few-large-1048576,980764,adaptive,11,560452.1818181818,693946.1818181818,1749951256.8909457,5.7114099877114715,-3.3339058129302277,14.75672578835317,14161,3246720
followup,shape-few-large-1048576,980764,native,11,515483.8181818182,623484.9090909091,1902608705.4668148,-2.7818977892354546,-11.232405221266708,5.668609642795799,14727,6159552
followup,shape-few-large-1048576,980764,u256,11,592764.9090909091,736013.6363636364,1654558130.818074,11.872590599005557,1.042903448640768,22.702277749370346,14727,6159552
followup,shape-few-large-4096,81734,baseline,11,41477.454545454544,50580.454545454544,1970564512.5939174,0.0,0.0,0.0,1228,513536
followup,shape-few-large-4096,81734,singleton,11,48461.09090909091,59144.90909090909,1686590179.1878018,16.867217091881102,15.113479204037779,18.620954979724427,1228,390704
followup,shape-few-large-4096,81734,adaptive,11,47384.36363636364,58290.818181818184,1724915008.4032323,14.249597196041439,12.737559563380376,15.761634828702501,1181,270560
followup,shape-few-large-4096,81734,native,11,40863.0,50171.63636363636,2000195776.1299953,-1.457253533376028,-2.5381165993125796,-0.376390467439476,1228,513536
followup,shape-few-large-4096,81734,u256,11,47459.72727272727,57362.27272727273,1722175930.9807167,14.449368178658098,12.601254967174476,16.29748139014172,1228,513536
followup,shape-few-large-4194304,4168234,baseline,11,2175375.3636363638,2665682.909090909,1916098743.0842133,0.0,0.0,0.0,62582,26178816
followup,shape-few-large-4194304,4168234,singleton,11,2490415.0,3071796.4545454546,1673710606.4651875,14.526653541825404,12.319754874742946,16.733552208907863,62582,19936416
followup,shape-few-large-4194304,4168234,adaptive,11,2353697.5454545454,2933552.272727273,1770930172.4215512,8.267123428760248,5.980971898234502,10.553274959285995,60181,13798560
followup,shape-few-large-4194304,4168234,native,11,2152807.272727273,2661127.4545454546,1936185395.1373427,-0.9601842033975638,-3.6110829535185784,1.6907145467234506,62582,26178816
followup,shape-few-large-4194304,4168234,u256,11,2455217.1818181816,2945233.090909091,1697704802.1932073,12.938092007965023,9.658070911855688,16.21811310407436,62582,26178816
followup,shape-few-large-65536,81734,baseline,11,41154.27272727273,50677.545454545456,1986039227.1210103,0.0,0.0,0.0,1228,513536
followup,shape-few-large-65536,81734,singleton,11,48131.63636363636,58697.545454545456,1698134661.0054247,17.032448387119366,15.062244700407337,19.002652073831396,1228,390704
followup,shape-few-large-65536,81734,adaptive,11,46058.36363636364,56967.72727272727,1774574551.6558042,12.015761278407291,9.4696514165993,14.561871140215283,1181,270560
followup,shape-few-large-65536,81734,native,11,40989.27272727273,49520.454545454544,1994033915.7473574,-0.33729571525707175,-2.673429007792193,1.9988375772780496,1228,513536
followup,shape-few-large-65536,81734,u256,11,46731.454545454544,56764.545454545456,1749014679.620112,13.628367665743745,11.58775375594191,15.668981575545581,1228,513536
followup,shape-many-small-1048576,1048564,baseline,11,1799356.6363636365,2124258.727272727,582743842.3319284,0.0,0.0,0.0,34967,24466112
followup,shape-many-small-1048576,1048564,singleton,11,1528139.0909090908,1880707.6363636365,686170523.5066061,-15.040158967842798,-16.382972662852335,-13.697345272833259,34967,20271872
followup,shape-many-small-1048576,1048564,adaptive,11,1512841.7272727273,1901765.1818181819,693108856.7277272,-15.898698049703038,-17.30872002481912,-14.488676074586957,34957,19682624
followup,shape-many-small-1048576,1048564,native,11,1224152.2727272727,1545225.0909090908,856563373.1691875,-31.955785163604524,-33.370248578480165,-30.541321748728883,34967,24466112
followup,shape-many-small-1048576,1048564,u256,11,1355150.1818181819,1689886.3636363635,773762210.3206005,-24.664861441579628,-26.556131503541213,-22.773591379618043,34967,24466112
followup,shape-many-small-4096,4083,baseline,11,7086.363636363636,8326.272727272728,576177036.5618987,0.0,0.0,0.0,143,94912
followup,shape-many-small-4096,4083,singleton,11,6919.636363636364,7609.545454545455,590059908.5606179,-2.3406482386346483,-2.953387455797214,-1.7279090214720827,143,78592
followup,shape-many-small-4096,4083,adaptive,11,6559.272727272727,7255.909090909091,622477547.3999335,-7.415584277553702,-8.357238967060756,-6.473929588046648,137,25024
followup,shape-many-small-4096,4083,native,11,5210.818181818182,6476.454545454545,783562169.6121705,-26.45679059285043,-27.36957092141332,-25.544010264287543,143,94912
followup,shape-many-small-4096,4083,u256,11,5388.0,6610.727272727273,757795100.2227172,-23.95649004891338,-24.79810759323928,-23.11487250458748,143,94912
followup,shape-many-small-4194304,4194304,baseline,11,9518805.0,11327726.363636363,440633461.8683753,0.0,0.0,0.0,139827,97866496
followup,shape-many-small-4194304,4194304,singleton,11,9064792.818181818,10666254.545454545,462702687.6540657,-4.710207457211784,-6.81347337366504,-2.6069415407585272,139827,81089296
followup,shape-many-small-4194304,4194304,adaptive,11,8998701.545454545,10443800.181818182,466101023.4436146,-5.412356153983334,-7.2686986041420845,-3.5560137038245823,139817,80500048
followup,shape-many-small-4194304,4194304,native,11,7118419.363636363,9037185.181818182,589218446.6436644,-25.177351551989165,-26.64261357669572,-23.71208952728261,139827,97866496
followup,shape-many-small-4194304,4194304,u256,11,7523793.454545454,9448201.454545455,557471975.4522284,-20.914394516278143,-22.355102799752665,-19.473686232803622,139827,97866496
followup,shape-many-small-65536,65523,baseline,11,110559.90909090909,129573.54545454546,592647014.0828625,0.0,0.0,0.0,2195,1528512
followup,shape-many-small-65536,65523,singleton,11,94500.90909090909,117692.0,693358409.2505122,-14.519293552159503,-15.057498239971826,-13.98108886434718,2195,1266432
followup,shape-many-small-65536,65523,adaptive,11,87532.27272727272,110142.72727272728,748558194.1206101,-20.8129861492578,-21.780103083022,-19.8458692154936,2185,401856
followup,shape-many-small-65536,65523,native,11,76220.63636363637,96555.27272727272,859649080.9575549,-31.056619050837547,-31.962939542363316,-30.15029855931178,2195,1528512
followup,shape-many-small-65536,65523,u256,11,82710.72727272728,102273.09090909091,792194702.676799,-25.179585567336872,-26.0172827246355,-24.341888410038244,2195,1528512
followup,shape-read-1048576,94978,baseline,11,132744.9090909091,138378.0909090909,715492598.9286355,0.0,0.0,0.0,15,2097600
followup,shape-read-1048576,94978,singleton,11,138490.27272727274,136950.27272727274,685809899.3496753,4.310948256904338,2.961641763705286,5.660254750103389,15,2097168
followup,shape-read-1048576,94978,adaptive,11,140912.0,143664.45454545456,674023504.0308845,6.130472756722881,4.642257254171529,7.618688259274233,5,1966224
followup,shape-read-1048576,94978,native,11,228696.0909090909,227347.9090909091,415302245.0993915,72.33336933828703,69.24098591591296,75.4257527606611,15,2097600
followup,shape-read-1048576,94978,u256,11,250435.9090909091,248093.18181818182,379250724.64557254,88.72142204038242,84.75491922898371,92.68792485178113,15,2097600
followup,shape-read-4096,155,baseline,11,531.5454545454545,525.1818181818181,291602531.21258765,0.0,0.0,0.0,7,8640
followup,shape-read-4096,155,singleton,11,570.6363636363636,576.0909090909091,271626573.2037598,7.375436343550222,4.839458223703174,9.91141446339727,7,8208
followup,shape-read-4096,155,adaptive,11,474.90909090909093,460.72727272727275,326378254.2113323,-10.621443759103231,-12.354623133622358,-8.888264384584105,2,4112
followup,shape-read-4096,155,native,11,971.8181818181819,962.6363636363636,159494855.00467727,82.9045015495147,80.40966634916992,85.39933674985949,7,8640
followup,shape-read-4096,155,u256,11,929.0909090909091,905.2727272727273,166829745.59686887,74.86217340269758,72.17572372992349,77.54862307547167,7,8640
followup,shape-read-4194304,442517,baseline,11,562668.9090909091,567137.0,786460728.2370806,0.0,0.0,0.0,17,8389056
followup,shape-read-4194304,442517,singleton,11,559835.1818181818,561996.9090909091,790441569.8971143,0.11079572600783068,-4.734873371983684,4.956464823999345,17,8388624
followup,shape-read-4194304,442517,adaptive,11,587128.4545454546,571847.7272727273,753697076.9754117,4.978209557678257,-2.9066968946559477,12.863116010012462,7,8257680
followup,shape-read-4194304,442517,native,11,918102.1818181818,910926.5454545454,481991012.2897788,64.2436648202587,55.8026388713319,72.6846907691855,17,8389056
followup,shape-read-4194304,442517,u256,11,1005070.6363636364,1004160.6363636364,440284477.51795286,79.80853896998401,70.43983733607597,89.17724060389206,17,8389056
followup,shape-read-65536,5605,baseline,11,7896.636363636364,7954.454545454545,709795885.4748281,0.0,0.0,0.0,11,131520
followup,shape-read-65536,5605,singleton,11,8123.818181818182,8115.636363636364,689946509.7021105,2.8774335882065327,2.508522622052859,3.2463445543602063,11,131088
followup,shape-read-65536,5605,adaptive,11,7752.181818181818,7716.0,723022257.6635317,-1.8294667791171029,-2.4857412788249564,-1.1731922794092493,2,131216
followup,shape-read-65536,5605,native,11,13838.0,13686.636363636364,405044081.5146698,75.24017652058913,74.92645426167778,75.55389877950049,11,131520
followup,shape-read-65536,5605,u256,11,14952.545454545454,14949.0,374852563.8687241,89.35457720263189,88.96229399159435,89.74686041366942,11,131520
followup,shape-write-1048576,149061,baseline,11,331549.1818181818,435873.0909090909,449589406.8643593,0.0,0.0,0.0,14993,4232000
followup,shape-write-1048576,149061,singleton,11,416182.36363636365,553321.2727272727,358162702.27693015,25.646971009086304,23.053769412896628,28.24017260527598,14993,2434088
followup,shape-write-1048576,149061,adaptive,11,384808.0,522136.9090909091,387364607.80441153,16.175872735904854,13.767181192553078,18.58456427925663,14983,2204936
followup,shape-write-1048576,149061,native,11,313159.1818181818,422895.45454545453,475991152.91642267,-5.451017160034106,-7.758496084561374,-3.1435382355068384,14993,4232000
followup,shape-write-1048576,149061,u256,11,347735.54545454547,454833.9090909091,428661958.63052666,4.988602904310484,2.4166526304987137,7.5605531781222535,14993,4232000
followup,shape-write-4096,382,baseline,11,1468.090909090909,1843.0,260201870.084835,0.0,0.0,0.0,64,16800
followup,shape-write-4096,382,singleton,11,1868.1818181818182,2095.6363636363635,204476885.64476886,27.2580308367682,26.592693518199177,27.923368155337222,64,9408
followup,shape-write-4096,382,adaptive,11,1923.7272727272727,2143.818181818182,198572846.2738056,31.039352033766956,30.46063858764881,31.618065479885104,60,5712
followup,shape-write-4096,382,native,11,1403.8181818181818,1786.5454545454545,272115011.0089367,-4.375805719566285,-4.795217221838543,-3.9563942172940276,64,16800
followup,shape-write-4096,382,u256,11,1291.5454545454545,1652.1818181818182,295769690.99739563,-12.02267317680919,-12.507923836290992,-11.53742251732739,64,16800
followup,shape-write-4194304,598451,baseline,11,1317867.3636363635,1786672.4545454546,454105638.0277199,0.0,0.0,0.0,59934,16927264
followup,shape-write-4194304,598451,singleton,11,1663505.7272727273,2201281.909090909,359752894.257325,26.335236962924945,23.64245519760915,29.028018728240742,59934,9736672
followup,shape-write-4194304,598451,adaptive,11,1551494.4545454546,2096132.7272727273,385725516.61187196,17.83000102765438,14.87833396686015,20.78166808844861,59924,9507520
followup,shape-write-4194304,598451,native,11,1253037.6363636365,1701391.3636363635,477600179.4620694,-4.8355143157867415,-7.070834421443656,-2.6001942101298274,59934,16927264
followup,shape-write-4194304,598451,u256,11,1403775.9090909092,1830090.7272727273,426315194.70052683,6.615936103393475,2.5739186172650994,10.65795358952185,59934,16927264
followup,shape-write-65536,8628,baseline,11,21132.272727272728,28380.636363636364,408285474.60798866,0.0,0.0,0.0,946,264800
followup,shape-write-65536,8628,singleton,11,31819.272727272728,35367.90909090909,271156417.49425733,50.624453418838975,48.39229463948356,52.85661219819439,946,152048
followup,shape-write-65536,8628,adaptive,11,25052.090909090908,33707.0,344402390.65510774,18.65871610297524,15.144314854378695,22.173117351571786,938,117776
followup,shape-write-65536,8628,native,11,20199.636363636364,29965.454545454544,427136402.09544724,-4.32479601273964,-7.133786646479097,-1.515805379000183,946,264800
followup,shape-write-65536,8628,u256,11,23344.909090909092,29452.81818181818,369588074.4877217,10.296681596200784,1.5291272456059328,19.064235946795634,946,264800
shared-match,200M-25912202,593177,baseline,15,603576.4666666667,738737.2666666667,982770258.2174896,0.0,0.0,0.0,0,0
shared-match,200M-25912203,592785,baseline,15,578841.2666666667,711928.3333333334,1024089045.0220146,0.0,0.0,0.0,0,0
shared-match,200M-25912204,718592,baseline,15,708275.7333333333,865976.3333333334,1014565325.5944767,0.0,0.0,0.0,0,0
shared-match,200M-25912205,643689,baseline,15,593791.6666666666,738658.0666666667,1084031717.0724862,0.0,0.0,0.0,0,0
shared-match,200M-25912206,603475,baseline,15,588165.6666666666,740152.4,1026028947.6264341,0.0,0.0,0.0,0,0
shared-match,200M-25912207,595363,baseline,15,539890.4666666667,671133.6666666666,1102747754.884108,0.0,0.0,0.0,0,0
shared-match,200M-25912208,702247,baseline,15,680401.2,850806.2666666667,1032107233.2029985,0.0,0.0,0.0,0,0
shared-match,200M-25912209,635819,baseline,15,610641.2666666667,764927.6,1041231627.6473944,0.0,0.0,0.0,0,0
shared-match,200M-25912210,613528,baseline,15,557501.4666666667,687980.8,1100495759.53283,0.0,0.0,0.0,0,0
shared-match,200M-25912211,619844,baseline,15,580649.1333333333,721277.7333333333,1067501808.6079983,0.0,0.0,0.0,0,0
shared-match,200M-25912212,618805,baseline,15,612492.1333333333,750475.4,1010306853.4648936,0.0,0.0,0.0,0,0
shared-match,200M-25912213,632953,baseline,15,594368.2666666667,732670.4666666667,1064917216.3071963,0.0,0.0,0.0,0,0
shared-match,200M-25912214,632762,baseline,15,587553.8,735129.6,1076943081.6378005,0.0,0.0,0.0,0,0
shared-match,200M-25912215,664421,baseline,15,594252.6666666666,735973.6,1118078280.9556878,0.0,0.0,0.0,0,0
shared-match,200M-25912216,657888,baseline,15,696130.9333333333,850301.8,945063591.4852799,0.0,0.0,0.0,0,0
shared-match,200M-25912217,585424,baseline,15,603878.4666666667,744579.7333333333,969440098.1566159,0.0,0.0,0.0,0,0
shared-match,200M-25912218,716398,baseline,15,664540.4,810664.9333333333,1078035285.7403402,0.0,0.0,0.0,0,0
shared-match,200M-25912219,603952,baseline,15,625358.4666666667,783231.6,965769286.245105,0.0,0.0,0.0,0,0
shared-match,200M-25912220,687892,baseline,15,667646.0,831552.4,1030324453.3779877,0.0,0.0,0.0,0,0
shared-match,200M-25912221,665182,baseline,15,637947.7333333333,806484.9333333333,1042690435.663695,0.0,0.0,0.0,0,0
shared-match,200M-25912222,623267,baseline,15,591770.6666666666,742733.6666666666,1053223884.0271457,0.0,0.0,0.0,0,0
shared-match,200M-25912223,611845,baseline,15,636601.8,779479.2666666667,961111011.6245351,0.0,0.0,0.0,0,0
shared-match,200M-25912224,627082,baseline,15,587738.6,721215.5333333333,1066940303.053092,0.0,0.0,0.0,0,0
shared-match,200M-25912225,610432,baseline,15,551728.6666666666,680078.6,1106398918.308879,0.0,0.0,0.0,0,0
shared-match,200M-25912226,587580,baseline,15,572894.8666666667,710592.2666666667,1025633208.0941436,0.0,0.0,0.0,0,0
shared-match,200M-25912227,618794,baseline,15,554131.8,682888.8666666667,1116691011.0554924,0.0,0.0,0.0,0,0
shared-match,200M-25912228,734806,baseline,15,701010.6666666666,889521.1333333333,1048209442.3670206,0.0,0.0,0.0,0,0
shared-match,200M-25912229,731209,baseline,15,698233.4,866472.8,1047227187.9288502,0.0,0.0,0.0,0,0
shared-match,200M-25912230,685609,baseline,15,596616.4,729553.9333333333,1149162175.226829,0.0,0.0,0.0,0,0
shared-match,200M-25912231,614847,baseline,15,621331.2,763552.3333333334,989564019.9623004,0.0,0.0,0.0,0,0
shared-match,300M-25912202,844816,baseline,15,820836.5333333333,1009664.2666666667,1029213449.5638108,0.0,0.0,0.0,0,0
shared-match,300M-25912203,923936,baseline,15,840857.7333333333,1043214.2,1098801810.785907,0.0,0.0,0.0,0,0
shared-match,300M-25912204,860019,baseline,15,1059869.0666666667,1281046.9333333333,811438909.8125076,0.0,0.0,0.0,0,0
shared-match,300M-25912205,880070,baseline,15,840719.5333333333,1026994.9333333333,1046805700.4821187,0.0,0.0,0.0,0,0
shared-match,300M-25912206,935306,baseline,15,845020.9333333333,1040228.4666666667,1106843585.8867085,0.0,0.0,0.0,0,0
shared-match,300M-25912207,857845,baseline,15,919180.2,1138304.6666666667,933271843.7581663,0.0,0.0,0.0,0,0
shared-match,300M-25912208,924392,baseline,15,892541.3333333334,1090420.0,1035685368.8195206,0.0,0.0,0.0,0,0
shared-match,300M-25912209,970600,baseline,15,959306.5333333333,1177891.3333333333,1011772531.7969272,0.0,0.0,0.0,0,0
shared-match,300M-25912210,915771,baseline,15,890422.4666666667,1106872.8666666667,1028467984.8973562,0.0,0.0,0.0,0,0
shared-match,300M-25912211,958731,baseline,15,943915.9333333333,1167902.8666666667,1015695324.2799376,0.0,0.0,0.0,0,0
shared-match,300M-25912212,841414,baseline,15,788316.3333333334,964471.6,1067355786.5307032,0.0,0.0,0.0,0,0
shared-match,300M-25912213,882874,baseline,15,811333.5333333333,1000670.1333333333,1088176395.683715,0.0,0.0,0.0,0,0
shared-match,300M-25912214,863121,baseline,15,788042.9333333333,968748.5333333333,1095271543.5808742,0.0,0.0,0.0,0,0
shared-match,300M-25912215,874536,baseline,15,820488.0666666667,1009718.6,1065872906.0532345,0.0,0.0,0.0,0,0
shared-match,300M-25912216,918764,baseline,15,847447.2666666667,1034335.6666666666,1084154774.153499,0.0,0.0,0.0,0,0
shared-match,300M-25912217,893561,baseline,15,848518.2,1043213.2,1053084070.5597123,0.0,0.0,0.0,0,0
shared-match,300M-25912218,897083,baseline,15,911033.0,1133092.0,984687711.64162,0.0,0.0,0.0,0,0
shared-match,300M-25912219,864982,baseline,15,841961.7333333333,1033729.8,1027341226.7509229,0.0,0.0,0.0,0,0
shared-match,300M-25912220,855922,baseline,15,835808.9333333333,1039763.6666666666,1024064192.0234721,0.0,0.0,0.0,0,0
shared-match,300M-25912221,838231,baseline,15,856445.6,1044610.6,978732332.7949843,0.0,0.0,0.0,0,0
shared-match,300M-25912222,883396,baseline,15,832438.8,1024655.1333333333,1061214349.9317907,0.0,0.0,0.0,0,0
shared-match,300M-25912223,799048,baseline,15,786747.9333333333,963608.6,1015634062.8879101,0.0,0.0,0.0,0,0
shared-match,300M-25912224,968500,baseline,15,917097.7333333333,1126753.8666666667,1056048842.7769167,0.0,0.0,0.0,0,0
shared-match,300M-25912225,929279,baseline,15,912609.0,1129850.2666666666,1018266311.2022783,0.0,0.0,0.0,0,0
shared-match,300M-25912226,850837,baseline,15,788445.0,981381.0666666667,1079132976.9356139,0.0,0.0,0.0,0,0
shared-match,300M-25912227,934075,baseline,15,858950.0,1049730.6,1087461435.4735432,0.0,0.0,0.0,0,0
shared-match,300M-25912228,859214,baseline,15,865486.1333333333,1071794.8666666667,992753051.6183121,0.0,0.0,0.0,0,0
shared-match,300M-25912229,836897,baseline,15,818034.8,1013183.8,1023057943.2562038,0.0,0.0,0.0,0,0
shared-match,300M-25912230,885901,baseline,15,833893.8666666667,1035116.2666666667,1062366609.7236354,0.0,0.0,0.0,0,0
shared-match,300M-25912231,876447,baseline,15,843831.1333333333,1057909.0,1038652125.2632933,0.0,0.0,0.0,0,0
shared-match,scaled-2x,1689628,baseline,15,1661593.2,2120213.933333333,1016872240.4497082,0.0,0.0,0.0,0,0
shared-match,scaled-4x,3379252,baseline,15,3310125.2666666666,4229832.8,1020883419.1350543,0.0,0.0,0.0,0,0
shared-match,scaled-accounts-1,28,baseline,15,55.53333333333333,45.333333333333336,504201680.6722689,0.0,0.0,0.0,0,0
shared-match,scaled-accounts-1024,151840,baseline,15,118838.06666666667,140225.73333333334,1277705067.5681362,0.0,0.0,0.0,0,0
shared-match,scaled-accounts-16,4209,baseline,15,2361.0,2674.4666666666667,1782719186.7852604,0.0,0.0,0.0,0,0
shared-match,scaled-accounts-256,73119,baseline,15,45123.8,52188.4,1620408742.171537,0.0,0.0,0.0,0,0
shared-match,scaled-accounts-4,110,baseline,15,159.73333333333332,148.93333333333334,688647746.2437396,0.0,0.0,0.0,0,0
shared-match,scaled-accounts-64,49159,baseline,15,26895.4,31311.4,1827784676.9336019,0.0,0.0,0.0,0,0
shared-match,shape-code-1048576,1033638,baseline,15,19233.6,19981.733333333334,53741265285.74994,0.0,0.0,0.0,0,0
shared-match,shape-code-4096,4105,baseline,15,120.6,119.73333333333333,34038142620.232174,0.0,0.0,0.0,0,0
shared-match,shape-code-4194304,4182616,baseline,15,80476.13333333333,83672.4,51973371815.41194,0.0,0.0,0.0,0,0
shared-match,shape-code-65536,48079,baseline,15,561.8,585.9333333333333,85580277678.8893,0.0,0.0,0.0,0,0
shared-match,shape-few-large-1048576,980764,baseline,15,508659.73333333334,616668.8,1928133751.75756,0.0,0.0,0.0,0,0
shared-match,shape-few-large-4096,81734,baseline,15,40985.666666666664,49868.666666666664,1994209357.742951,0.0,0.0,0.0,0,0
shared-match,shape-few-large-4194304,4168234,baseline,15,3001495.1333333333,3833253.2,1388719226.5312574,0.0,0.0,0.0,0,0
shared-match,shape-few-large-65536,81734,baseline,15,40743.4,49506.26666666667,2006067240.3383124,0.0,0.0,0.0,0,0
shared-match,shape-many-small-1048576,1048564,baseline,15,1780732.7333333334,2075827.8,588838504.7189002,0.0,0.0,0.0,0,0
shared-match,shape-many-small-4096,4083,baseline,15,6954.133333333333,8296.933333333332,587132832.2724135,0.0,0.0,0.0,0,0
shared-match,shape-many-small-4194304,4194304,baseline,15,11981278.533333333,14548950.2,350071487.6405678,0.0,0.0,0.0,0,0
shared-match,shape-many-small-65536,65523,baseline,15,109397.73333333334,127590.33333333333,598942939.7074649,0.0,0.0,0.0,0,0
shared-match,shape-read-1048576,94978,baseline,15,130829.2,135177.93333333332,725969431.9005238,0.0,0.0,0.0,0,0
shared-match,shape-read-4096,155,baseline,15,552.7333333333333,554.2666666666667,280424556.74828124,0.0,0.0,0.0,0,0
shared-match,shape-read-4194304,442517,baseline,15,557916.8666666667,554544.9333333333,793159387.0675833,0.0,0.0,0.0,0,0
shared-match,shape-read-65536,5605,baseline,15,7983.266666666666,7836.533333333334,702093545.6663522,0.0,0.0,0.0,0,0
shared-match,shape-write-1048576,149061,baseline,15,327383.6666666667,453745.6666666667,455309825.06763214,0.0,0.0,0.0,0,0
shared-match,shape-write-4096,382,baseline,15,1538.7333333333333,1906.9333333333334,248256141.41501668,0.0,0.0,0.0,0,0
shared-match,shape-write-4194304,598451,baseline,15,1337916.0666666667,1805648.8,447300854.59770495,0.0,0.0,0.0,0,0
shared-match,shape-write-65536,8628,baseline,15,20854.266666666666,28010.066666666666,413728285.8184097,0.0,0.0,0.0,0,0
shared-match,200M-25912202,593177,candidate,15,595459.4,728260.7333333333,996166993.0813082,-1.1444954747446445,-3.7414886203572544,1.4524976708679653,0,0
shared-match,200M-25912203,592785,candidate,15,578761.3333333334,713209.2666666667,1024230483.0315777,0.025239588744372408,-1.8050736185098117,1.8555527959985565,0,0
shared-match,200M-25912204,718592,candidate,15,723432.4666666667,884043.8,993309027.6014706,2.2517290123729747,-3.089034129032341,7.592492153778291,0,0
shared-match,200M-25912205,643689,candidate,15,604917.8666666667,756491.8,1064093219.0463762,2.0551716954288315,-3.2925366395499323,7.402880030407595,0,0
shared-match,200M-25912206,603475,candidate,15,590458.9333333333,725297.2,1022043982.9628569,0.5583809108958911,-2.1808553628519327,3.2976171846437152,0,0
shared-match,200M-25912207,595363,candidate,15,542773.4,669029.5333333333,1096890525.5858154,0.5566438438701719,-0.7505863186122931,1.8638740063526367,0,0
shared-match,200M-25912208,702247,candidate,15,679161.5333333333,845957.3333333334,1033991128.0801828,-0.17145132114824232,-1.4219962880317105,1.079093645735226,0,0
shared-match,200M-25912209,635819,candidate,15,607716.9333333333,757518.4666666667,1046242033.2975198,-0.4483073534990549,-1.9369117467804835,1.0402970397823736,0,0
shared-match,200M-25912210,613528,candidate,15,556248.1333333333,692282.6666666666,1102975386.7638447,-0.19254108940025327,-1.5735046879306143,1.1884225091301077,0,0
shared-match,200M-25912211,619844,candidate,15,582907.2666666667,732320.7333333333,1063366397.1021576,0.39631080217786757,-1.0358859597752343,1.8285075641309696,0,0
shared-match,200M-25912212,618805,candidate,15,615894.2666666667,764230.0666666667,1004726027.6493345,0.5868732715812437,-1.4537648396144427,2.6275113827769303,0,0
shared-match,200M-25912213,632953,candidate,15,607541.8,740543.0,1041826257.8805276,2.229831307570435,-2.106541991080876,6.566204606221746,0,0
shared-match,200M-25912214,632762,candidate,15,597303.4,731479.0666666667,1059364470.3847324,1.663349768709878,-0.380335446525464,3.7070349839452197,0,0
shared-match,200M-25912215,664421,candidate,15,594260.9333333333,729832.0,1118062727.5515559,0.037406930151953774,-1.8954571585277102,1.9702710188316177,0,0
shared-match,200M-25912216,657888,candidate,15,685788.2,845579.8,959316593.6655079,-1.1714456784243181,-4.513631576840821,2.170740219992184,0,0
shared-match,200M-25912217,585424,candidate,15,603775.4,739797.0,969605585.1232097,0.1499856574692056,-2.761277034352358,3.0612483492907696,0,0
shared-match,200M-25912218,716398,candidate,15,661961.4,827390.6,1082235308.584458,0.08531444078782027,-3.9371894092127593,4.1078182907883996,0,0
shared-match,200M-25912219,603952,candidate,15,627486.2,773362.8,962494473.9820573,0.4828975713372774,-2.9356781844160276,3.9014733270905824,0,0
shared-match,200M-25912220,687892,candidate,15,659772.3333333334,820325.0,1042620257.3918175,-0.8293281308038464,-4.809009067810273,3.15035280620258,0,0
shared-match,200M-25912221,665182,candidate,15,638607.0666666667,800790.7333333333,1041613904.262047,0.14117355438515589,-1.7751263037217795,2.0574734124920915,0,0
shared-match,200M-25912222,623267,candidate,15,591768.2666666667,738438.9333333333,1053228155.525744,0.024751838786743658,-1.5927183449747762,1.6422220225482633,0,0
shared-match,200M-25912223,611845,candidate,15,636658.0,785606.8666666667,961026171.0368832,0.11139183041558963,-2.200575107524079,2.423358768355258,0,0
shared-match,200M-25912224,627082,candidate,15,578369.8,713251.7333333333,1084223277.2181396,-1.4472007956135715,-3.465086455785198,0.5706848645580549,0,0
shared-match,200M-25912225,610432,candidate,15,552432.0666666667,681226.5333333333,1104990164.0998151,0.29378305231628304,-2.9241797718921227,3.511745876524689,0,0
shared-match,200M-25912226,587580,candidate,15,565269.6,701357.9333333333,1039468600.4695812,-1.261654322665829,-2.8125990919736705,0.28929044664201253,0,0
shared-match,200M-25912227,618794,candidate,15,559343.2666666667,697172.9333333333,1106286670.2367263,1.0173523409712864,-1.1435410335451388,3.1782457154877113,0,0
shared-match,200M-25912228,734806,candidate,15,699305.4666666667,916870.9333333333,1050765416.5819,-0.1750431665268123,-2.3971519507667196,2.047065617713095,0,0
shared-match,200M-25912229,731209,candidate,15,696059.2,852974.2,1050498290.9499652,-0.27036753713482203,-1.788661485612726,1.2479264113430821,0,0
shared-match,200M-25912230,685609,candidate,15,597110.0,734381.9333333333,1148212222.203614,0.1313408049044836,-1.8567490309496486,2.119430640758616,0,0
shared-match,200M-25912231,614847,candidate,15,621372.4,771417.8,989498407.074405,0.03673985485382447,-1.1844279996458207,1.2579077093534696,0,0
shared-match,300M-25912202,844816,candidate,15,824280.4,1018250.6,1024913366.8591416,0.4697757335646672,-1.7482246536146397,2.687776120743974,0,0
shared-match,300M-25912203,923936,candidate,15,841363.6666666666,1044458.4,1098141073.3606672,0.10204091787941358,-1.9240116354654293,2.1280934712242563,0,0
shared-match,300M-25912204,860019,candidate,15,1058894.2,1289415.0666666667,812185957.76613,-0.03913390875615625,-2.205371649709973,2.1271038321976605,0,0
shared-match,300M-25912205,880070,candidate,15,839072.8,1021149.1333333333,1048860122.7450109,-0.11612529762124939,-2.0896141686871306,1.8573635734446317,0,0
shared-match,300M-25912206,935306,candidate,15,846191.8,1047283.4666666667,1105312058.0936852,0.1772704951074451,-1.7989923095288791,2.1535332997437693,0,0
shared-match,300M-25912207,857845,candidate,15,913887.2666666667,1127138.4,938677046.1622946,-0.5243614600856479,-2.469700422720672,1.420977502549376,0,0
shared-match,300M-25912208,924392,candidate,15,895093.0,1091140.2,1032732911.5522075,0.37281144150081696,-2.5419269444897172,3.287549827491351,0,0
shared-match,300M-25912209,970600,candidate,15,948301.5333333333,1168645.4,1023514110.1040788,-1.1065050556420486,-2.7051081857017913,0.49209807441769415,0,0
shared-match,300M-25912210,915771,candidate,15,892537.2666666667,1105012.5333333334,1026031107.2725328,0.28376224600689265,-2.3094815108893525,2.8770060029031375,0,0
shared-match,300M-25912211,958731,candidate,15,938667.2666666667,1173858.0,1021374702.246284,-0.5174165442101009,-2.077899296817252,1.0430662083970506,0,0
shared-match,300M-25912212,841414,candidate,15,799327.5333333333,961298.2666666667,1052652342.0144917,1.473963927619939,-3.3118010747159157,6.259728929955793,0,0
shared-match,300M-25912213,882874,candidate,15,817482.8666666667,1002789.1333333333,1079990830.3888612,0.8064744892175486,-1.133796260375372,2.746745238810469,0,0
shared-match,300M-25912214,863121,candidate,15,787931.1333333333,968255.0,1095426952.2877932,0.048675991268830966,-1.829282880242397,1.9266348627800591,0,0
shared-match,300M-25912215,874536,candidate,15,825404.4666666667,1008543.5333333333,1059524191.2510449,0.6248350081962473,-0.7246610030888267,1.9743310194813213,0,0
shared-match,300M-25912216,918764,candidate,15,845444.0666666667,1034457.8,1086723576.667126,-0.19775017543403792,-1.4748753323979265,1.0793749815298508,0,0
shared-match,300M-25912217,893561,candidate,15,849111.3333333334,1049811.6666666667,1052348455.2869784,0.1242179128225211,-1.4785000926278369,1.7269359182728792,0,0
shared-match,300M-25912218,897083,candidate,15,909540.1333333333,1122135.0,986303921.2050163,-0.09678707019949918,-2.2488338732656983,2.0552597328667,0,0
shared-match,300M-25912219,864982,candidate,15,841889.6,1031641.9333333333,1027429249.6308305,0.03671882546741149,-1.397381643498502,1.4708192944333252,0,0
shared-match,300M-25912220,855922,candidate,15,834816.8666666667,1029057.5333333333,1025281153.47933,-0.07125285618739745,-1.6503812110881744,1.5078754987133793,0,0
shared-match,300M-25912221,838231,candidate,15,866991.1333333333,1089680.7333333334,966827649.9867319,1.3270948921481869,-2.707249400473236,5.36143918476961,0,0
shared-match,300M-25912222,883396,candidate,15,839502.2666666667,1026046.6,1052285425.633951,0.8878479960138774,-1.0640086803362439,2.8397046723639985,0,0
shared-match,300M-25912223,799048,candidate,15,788133.6666666666,971269.0,1013848327.7582779,0.2321986071174583,-1.5781931616103901,2.0425903758453066,0,0
shared-match,300M-25912224,968500,candidate,15,914599.9333333333,1120200.1333333333,1058932944.0143555,-0.2353405303069667,-1.8021732604096752,1.3314921997957418,0,0
shared-match,300M-25912225,929279,candidate,15,905902.5333333333,1111914.6666666667,1025804615.625316,-0.7020098048954996,-2.0742551914978855,0.6702355817068862,0,0
shared-match,300M-25912226,850837,candidate,15,784468.2666666667,975829.0666666667,1084603464.7333088,-0.4726413471876834,-1.543253000204142,0.5979703058287753,0,0
shared-match,300M-25912227,934075,candidate,15,845414.5333333333,1042385.2666666667,1104872181.8361611,-1.451395564652042,-3.6905315080519348,0.787740378747851,0,0
shared-match,300M-25912228,859214,candidate,15,872260.4,1067093.0666666667,985042998.6274741,0.8393533640301717,-1.324455084648354,3.0031618127086976,0,0
shared-match,300M-25912229,836897,candidate,15,820912.5333333333,1012519.0,1019471583.1682596,0.3989966722271543,-1.5145022622867066,2.312495606741015,0,0
shared-match,300M-25912230,885901,candidate,15,835228.4666666667,1039894.1333333333,1060669068.8304286,0.22872833019357788,-1.8715326292441767,2.3289892896313327,0,0
shared-match,300M-25912231,876447,candidate,15,846136.7333333333,1061334.3333333333,1035821948.7141992,0.34528111968006464,-1.7821214589721748,2.472683698332304,0,0
shared-match,scaled-2x,1689628,candidate,15,1647705.4666666666,2143540.7333333334,1025442977.6324912,-0.759150848170688,-2.934689938496444,1.4163882421550684,0,0
shared-match,scaled-4x,3379252,candidate,15,3378995.6666666665,4087287.2,1000075860.8055826,2.154393146438849,-2.6929045255215915,7.00169081839929,0,0
shared-match,scaled-accounts-1,28,candidate,15,56.86666666666667,44.733333333333334,492379835.87338805,2.4199978059627183,1.0740558497548713,3.7659397621705653,0,0
shared-match,scaled-accounts-1024,151840,candidate,15,117514.86666666667,139790.66666666666,1292091837.458296,-1.060984961848912,-3.2806114625386167,1.1586415388407927,0,0
shared-match,scaled-accounts-16,4209,candidate,15,2378.4,2688.4,1769677093.8446014,0.7508743757248859,-0.48298365914717656,1.9847324105969484,0,0
shared-match,scaled-accounts-256,73119,candidate,15,45196.4,51273.73333333333,1617805842.9432433,0.20494805759143203,-4.445749880366031,4.855645995548895,0,0
shared-match,scaled-accounts-4,110,candidate,15,158.06666666666666,146.26666666666668,695908899.1986504,-1.0307210588210298,-2.229629864010453,0.1681877463683934,0,0
shared-match,scaled-accounts-64,49159,candidate,15,26637.2,31279.666666666668,1845501779.4663103,-0.9316432725147061,-2.6718408910350924,0.8085543460056801,0,0
shared-match,shape-code-1048576,1033638,candidate,15,19740.466666666667,20374.666666666668,52361376124.171326,2.8205102425861037,-1.2304271957433697,6.871447680915577,0,0
shared-match,shape-code-4096,4105,candidate,15,121.0,118.53333333333333,33925619834.710743,0.3706325754970874,-1.6795199913901326,2.4207851423843074,0,0
shared-match,shape-code-4194304,4182616,candidate,15,80648.73333333334,84362.13333333333,51862141252.89011,0.26307298486068165,-1.4589230962761146,1.985069065997478,0,0
shared-match,shape-code-65536,48079,candidate,15,572.0,593.4,84054195804.1958,1.7999333039803131,-0.9364020890692233,4.53626869702985,0,0
shared-match,shape-few-large-1048576,980764,candidate,15,490516.26666666666,603620.5333333333,1999452549.5858514,-3.4080844440085856,-6.288864578796431,-0.5273043092207406,0,0
shared-match,shape-few-large-4096,81734,candidate,15,40496.066666666666,48908.8,2018319474.6485667,-0.9435865139821902,-7.14452951356738,5.257356485603,0,0
shared-match,shape-few-large-4194304,4168234,candidate,15,2925930.533333333,3593263.2,1424584060.528391,-2.429477146106538,-5.39868588338787,0.5397315911747937,0,0
shared-match,shape-few-large-65536,81734,candidate,15,40628.2,50438.066666666666,2011755381.7299316,-0.10055916903181888,-6.371980755091528,6.170862417027889,0,0
shared-match,shape-many-small-1048576,1048564,candidate,15,1627618.6,1940618.3333333333,644232008.6536243,-8.50440477537345,-10.740299350159885,-6.268510200587015,0,0
shared-match,shape-many-small-4096,4083,candidate,15,6500.333333333333,7831.4,628121634.7879596,-6.4746720494832095,-8.054245400453642,-4.8950986985127765,0,0
shared-match,shape-many-small-4194304,4194304,candidate,15,11674469.333333334,14299631.2,359271490.65562093,-2.5207769509096853,-5.4079950928028735,0.3664411909835028,0,0
shared-match,shape-many-small-65536,65523,candidate,15,101828.13333333333,120915.0,643466573.0885112,-6.871425842801641,-8.662834706625915,-5.080016978977367,0,0
shared-match,shape-read-1048576,94978,candidate,15,132312.26666666666,131514.4,717832158.6711034,1.3150983283297595,-1.6393023192095957,4.269498975869115,0,0
shared-match,shape-read-4096,155,candidate,15,537.6,526.9333333333333,288318452.38095236,-1.8301504644340787,-6.573454711232713,2.9131537823645557,0,0
shared-match,shape-read-4194304,442517,candidate,15,551250.7333333333,540967.5333333333,802750859.5302247,-0.4708717520784597,-7.242815305073688,6.301071800916769,0,0
shared-match,shape-read-65536,5605,candidate,15,7822.4,7868.6,716532010.636122,-1.8248354602905215,-4.637087844308814,0.9874169237277717,0,0
shared-match,shape-write-1048576,149061,candidate,15,317246.6,430454.26666666666,469858463.4161564,-3.051221778942451,-4.627379363650231,-1.4750641942346703,0,0
shared-match,shape-write-4096,382,candidate,15,1427.3333333333333,1833.7333333333333,267631947.68799627,-6.420158010517272,-10.65624145934435,-2.1840745616901946,0,0
shared-match,shape-write-4194304,598451,candidate,15,1270128.4,1736314.4,471173623.0762181,-4.942823037096407,-7.270874705680848,-2.6147713685119647,0,0
shared-match,shape-write-65536,8628,candidate,15,20319.133333333335,27537.733333333334,424624409.8337527,-2.409696633211397,-5.3733169576409106,0.5539236912181167,0,0
shared-rest,200M-25912202,593177,baseline,15,593329.4,725829.5333333333,999743144.3646648,0.0,0.0,0.0,0,0
shared-rest,200M-25912203,592785,baseline,15,570319.2666666667,715862.1333333333,1039391503.4023632,0.0,0.0,0.0,0,0
shared-rest,200M-25912204,718592,baseline,15,718803.0666666667,870440.9333333333,999706363.7087061,0.0,0.0,0.0,0,0
shared-rest,200M-25912205,643689,baseline,15,589232.8,732993.5333333333,1092418819.8620307,0.0,0.0,0.0,0,0
shared-rest,200M-25912206,603475,baseline,15,583171.4666666667,731761.1333333333,1034815718.0072367,0.0,0.0,0.0,0,0
shared-rest,200M-25912207,595363,baseline,15,538209.2,668776.3333333334,1106192536.2851472,0.0,0.0,0.0,0,0
shared-rest,200M-25912208,702247,baseline,15,675643.5333333333,862624.6,1039375003.7618456,0.0,0.0,0.0,0,0
shared-rest,200M-25912209,635819,baseline,15,608739.2666666667,753071.0,1044484945.8810443,0.0,0.0,0.0,0,0
shared-rest,200M-25912210,613528,baseline,15,560487.7333333333,702576.2,1094632341.6414943,0.0,0.0,0.0,0,0
shared-rest,200M-25912211,619844,baseline,15,583349.1333333333,723889.2666666667,1062560934.0638431,0.0,0.0,0.0,0,0
shared-rest,200M-25912212,618805,baseline,15,610635.0666666667,760732.7333333333,1013379404.1307378,0.0,0.0,0.0,0,0
shared-rest,200M-25912213,632953,baseline,15,601477.5333333333,733083.5333333333,1052330244.9756228,0.0,0.0,0.0,0,0
shared-rest,200M-25912214,632762,baseline,15,588289.1333333333,728707.6666666666,1075596954.1961057,0.0,0.0,0.0,0,0
shared-rest,200M-25912215,664421,baseline,15,592521.1333333333,729131.6,1121345657.7695065,0.0,0.0,0.0,0,0
shared-rest,200M-25912216,657888,baseline,15,684617.1333333333,840298.1333333333,960957545.4193035,0.0,0.0,0.0,0,0
shared-rest,200M-25912217,585424,baseline,15,599563.2,736674.4,976417498.6056516,0.0,0.0,0.0,0,0
shared-rest,200M-25912218,716398,baseline,15,655898.5333333333,813399.3333333334,1092239063.806414,0.0,0.0,0.0,0,0
shared-rest,200M-25912219,603952,baseline,15,618463.4666666667,761657.7333333333,976536258.8919291,0.0,0.0,0.0,0,0
shared-rest,200M-25912220,687892,baseline,15,655445.1333333333,815093.0666666667,1049503558.751981,0.0,0.0,0.0,0,0
shared-rest,200M-25912221,665182,baseline,15,634380.0,792933.4666666667,1048554494.1517702,0.0,0.0,0.0,0,0
shared-rest,200M-25912222,623267,baseline,15,588392.5333333333,724294.1333333333,1059270749.8667556,0.0,0.0,0.0,0,0
shared-rest,200M-25912223,611845,baseline,15,620056.6666666666,776457.8,986756586.7635754,0.0,0.0,0.0,0,0
shared-rest,200M-25912224,627082,baseline,15,580599.2666666667,703139.1333333333,1080059924.2920158,0.0,0.0,0.0,0,0
shared-rest,200M-25912225,610432,baseline,15,545618.8,672048.6666666666,1118788428.8444605,0.0,0.0,0.0,0,0
shared-rest,200M-25912226,587580,baseline,15,566516.0,691239.0666666667,1037181650.6506436,0.0,0.0,0.0,0,0
shared-rest,200M-25912227,618794,baseline,15,549012.6666666666,686753.0,1127103321.234847,0.0,0.0,0.0,0,0
shared-rest,200M-25912228,734806,baseline,15,690565.8,882528.0,1064063699.6503446,0.0,0.0,0.0,0,0
shared-rest,200M-25912229,731209,baseline,15,689989.4,844299.9333333333,1059739468.4613996,0.0,0.0,0.0,0,0
shared-rest,200M-25912230,685609,baseline,15,589212.5333333333,722085.8666666667,1163602199.907945,0.0,0.0,0.0,0,0
shared-rest,200M-25912231,614847,baseline,15,611446.1333333333,756695.0666666667,1005562005.3529928,0.0,0.0,0.0,0,0
shared-rest,300M-25912202,844816,baseline,15,810914.9333333333,1006049.2,1041805946.928753,0.0,0.0,0.0,0,0
shared-rest,300M-25912203,923936,baseline,15,830167.6,1030430.0,1112951167.9328368,0.0,0.0,0.0,0,0
shared-rest,300M-25912204,860019,baseline,15,1051005.7333333334,1270406.7333333334,818281930.0827156,0.0,0.0,0.0,0,0
shared-rest,300M-25912205,880070,baseline,15,833454.8,1016480.8666666667,1055930087.6304269,0.0,0.0,0.0,0,0
shared-rest,300M-25912206,935306,baseline,15,848847.7333333333,1048402.1333333333,1101853681.4926212,0.0,0.0,0.0,0,0
shared-rest,300M-25912207,857845,baseline,15,919165.9333333333,1126849.7333333334,933286329.367153,0.0,0.0,0.0,0,0
shared-rest,300M-25912208,924392,baseline,15,885808.6,1084356.2666666666,1043557265.079612,0.0,0.0,0.0,0,0
shared-rest,300M-25912209,970600,baseline,15,961881.6,1177108.0666666667,1009063901.4198837,0.0,0.0,0.0,0,0
shared-rest,300M-25912210,915771,baseline,15,891405.1333333333,1130434.9333333333,1027334222.9649863,0.0,0.0,0.0,0,0
shared-rest,300M-25912211,958731,baseline,15,938096.0,1159291.2666666666,1021996682.6422882,0.0,0.0,0.0,0,0
shared-rest,300M-25912212,841414,baseline,15,787196.2,963678.6666666666,1068874570.2786676,0.0,0.0,0.0,0,0
shared-rest,300M-25912213,882874,baseline,15,818600.6666666666,998456.2666666667,1078516101.8681474,0.0,0.0,0.0,0,0
shared-rest,300M-25912214,863121,baseline,15,782018.0,966868.8666666667,1103709889.0306873,0.0,0.0,0.0,0,0
shared-rest,300M-25912215,874536,baseline,15,823725.9333333333,1005792.7333333333,1061683218.423215,0.0,0.0,0.0,0,0
shared-rest,300M-25912216,918764,baseline,15,849297.4666666667,1039877.0,1081792935.9968262,0.0,0.0,0.0,0,0
shared-rest,300M-25912217,893561,baseline,15,849709.2,1046480.6666666666,1051608008.9517685,0.0,0.0,0.0,0,0
shared-rest,300M-25912218,897083,baseline,15,906947.0666666667,1115727.7333333334,989123878.3064591,0.0,0.0,0.0,0,0
shared-rest,300M-25912219,864982,baseline,15,841149.4666666667,1046515.2666666667,1028333291.8557003,0.0,0.0,0.0,0,0
shared-rest,300M-25912220,855922,baseline,15,833319.3333333334,1030129.7333333333,1027123655.6774154,0.0,0.0,0.0,0,0
shared-rest,300M-25912221,838231,baseline,15,853291.3333333334,1052052.8,982350303.1789845,0.0,0.0,0.0,0,0
shared-rest,300M-25912222,883396,baseline,15,839305.8,1025992.8,1052531747.070019,0.0,0.0,0.0,0,0
shared-rest,300M-25912223,799048,baseline,15,788574.6,961558.9333333333,1013281432.0927912,0.0,0.0,0.0,0,0
shared-rest,300M-25912224,968500,baseline,15,909308.8666666667,1118164.5333333334,1065094640.0097421,0.0,0.0,0.0,0,0
shared-rest,300M-25912225,929279,baseline,15,909533.0,1117562.2666666666,1021710042.4063778,0.0,0.0,0.0,0,0
shared-rest,300M-25912226,850837,baseline,15,785551.3333333334,971004.2666666667,1083108084.5979087,0.0,0.0,0.0,0,0
shared-rest,300M-25912227,934075,baseline,15,844294.0,1037483.3333333334,1106338550.3154116,0.0,0.0,0.0,0,0
shared-rest,300M-25912228,859214,baseline,15,863942.1333333333,1063868.1333333333,994527256.9181331,0.0,0.0,0.0,0,0
shared-rest,300M-25912229,836897,baseline,15,835134.8,1015466.9333333333,1002110078.5166657,0.0,0.0,0.0,0,0
shared-rest,300M-25912230,885901,baseline,15,834014.9333333333,1037453.0,1062212395.2376872,0.0,0.0,0.0,0,0
shared-rest,300M-25912231,876447,baseline,15,859790.1333333333,1072014.2666666666,1019373177.2683753,0.0,0.0,0.0,0,0
shared-rest,scaled-2x,1689628,baseline,15,1664258.6,2131295.7333333334,1015243664.6564422,0.0,0.0,0.0,0,0
shared-rest,scaled-4x,3379252,baseline,15,3292534.066666667,4090714.4,1026337748.2442044,0.0,0.0,0.0,0,0
shared-rest,scaled-accounts-1,28,baseline,15,55.6,45.6,503597122.30215824,0.0,0.0,0.0,0,0
shared-rest,scaled-accounts-1024,151840,baseline,15,118086.46666666666,139977.13333333333,1285837440.022763,0.0,0.0,0.0,0,0
shared-rest,scaled-accounts-16,4209,baseline,15,2427.4,2735.4,1733954024.8825903,0.0,0.0,0.0,0,0
shared-rest,scaled-accounts-256,73119,baseline,15,45115.066666666666,52251.0,1620722419.4134703,0.0,0.0,0.0,0,0
shared-rest,scaled-accounts-4,110,baseline,15,159.73333333333332,149.26666666666668,688647746.2437396,0.0,0.0,0.0,0,0
shared-rest,scaled-accounts-64,49159,baseline,15,27542.533333333333,31517.266666666666,1784839448.319932,0.0,0.0,0.0,0,0
shared-rest,shape-code-1048576,1033638,baseline,15,19272.2,20098.133333333335,53633627712.45628,0.0,0.0,0.0,0,0
shared-rest,shape-code-4096,4105,baseline,15,120.2,118.4,34151414309.48419,0.0,0.0,0.0,0,0
shared-rest,shape-code-4194304,4182616,baseline,15,79723.33333333333,82894.4,52464138478.90622,0.0,0.0,0.0,0,0
shared-rest,shape-code-65536,48079,baseline,15,557.3333333333334,593.0,86266148325.35884,0.0,0.0,0.0,0,0
shared-rest,shape-few-large-1048576,980764,baseline,15,500783.93333333335,623178.6,1958457399.9245715,0.0,0.0,0.0,0,0
shared-rest,shape-few-large-4096,81734,baseline,15,40951.46666666667,49567.53333333333,1995874791.6232548,0.0,0.0,0.0,0,0
shared-rest,shape-few-large-4194304,4168234,baseline,15,2978358.6666666665,3611002.533333333,1399507066.3081098,0.0,0.0,0.0,0,0
shared-rest,shape-few-large-65536,81734,baseline,15,40169.46666666667,49411.46666666667,2034729529.227838,0.0,0.0,0.0,0,0
shared-rest,shape-many-small-1048576,1048564,baseline,15,1747962.2666666666,2066059.8666666667,599877937.8685292,0.0,0.0,0.0,0,0
shared-rest,shape-many-small-4096,4083,baseline,15,6968.733333333334,8287.0,585902746.553654,0.0,0.0,0.0,0,0
shared-rest,shape-many-small-4194304,4194304,baseline,15,11908159.0,14625854.666666666,352221027.61644346,0.0,0.0,0.0,0,0
shared-rest,shape-many-small-65536,65523,baseline,15,109235.33333333333,129164.13333333333,599833387.2434438,0.0,0.0,0.0,0,0
shared-rest,shape-read-1048576,94978,baseline,15,133451.2,129897.33333333333,711705852.0268083,0.0,0.0,0.0,0,0
shared-rest,shape-read-4096,155,baseline,15,529.2666666666667,519.3333333333334,292858042.5746316,0.0,0.0,0.0,0,0
shared-rest,shape-read-4194304,442517,baseline,15,550122.6666666666,539715.1333333333,804396958.7388995,0.0,0.0,0.0,0,0
shared-rest,shape-read-65536,5605,baseline,15,7804.733333333334,7770.0,718153940.7709851,0.0,0.0,0.0,0,0
shared-rest,shape-write-1048576,149061,baseline,15,326729.4,438256.13333333336,456221570.5106427,0.0,0.0,0.0,0,0
shared-rest,shape-write-4096,382,baseline,15,1484.0666666666666,1884.4,257400835.54197925,0.0,0.0,0.0,0,0
shared-rest,shape-write-4194304,598451,baseline,15,1298174.6,1761908.8666666667,460994229.8978889,0.0,0.0,0.0,0,0
shared-rest,shape-write-65536,8628,baseline,15,20641.933333333334,27940.0,417984103.55619144,0.0,0.0,0.0,0,0
shared-rest,200M-25912202,593177,rest,15,584966.2,723289.2666666667,1014036366.5456227,-1.3334522040637853,-2.9826464163212907,0.3157420081937201,0,0
shared-rest,200M-25912203,592785,rest,15,568750.8666666667,705708.2,1042257752.4570512,-0.2656640343197636,-0.9046123147601747,0.3732842461206475,0,0
shared-rest,200M-25912204,718592,rest,15,689436.7333333333,850739.0,1042288530.9950123,-3.5920525972237307,-7.354380243237433,0.1702750487899718,0,0
shared-rest,200M-25912205,643689,rest,15,585162.4666666667,730900.8,1100017579.1634848,-0.6391759012870589,-2.2371723756022845,0.9588205730281666,0,0
shared-rest,200M-25912206,603475,rest,15,578182.1333333333,714964.0,1043745500.2645073,-0.7832164083078357,-2.4474892634610352,0.8810564468453641,0,0
shared-rest,200M-25912207,595363,rest,15,535361.3333333334,663479.2,1112076952.3885424,-0.5121375988025615,-1.5696957397330698,0.5454205421279467,0,0
shared-rest,200M-25912208,702247,rest,15,668060.6666666666,837461.5333333333,1051172498.3060421,-1.1074389418829094,-1.9982028505732252,-0.21667503319259362,0,0
shared-rest,200M-25912209,635819,rest,15,603095.1333333333,755223.4,1054259875.1971359,-0.8974292182511157,-2.020054831799512,0.22519639529728042,0,0
shared-rest,200M-25912210,613528,rest,15,552972.6,684642.0666666667,1109508861.74107,-1.2047658480655854,-3.5971999010863853,1.1876682049552145,0,0
shared-rest,200M-25912211,619844,rest,15,579371.2,723924.7333333333,1069856423.653782,-0.5933203186055191,-2.909706831342138,1.7230661941310998,0,0
shared-rest,200M-25912212,618805,rest,15,604848.2666666667,758399.8,1023074767.8426015,-0.8848925070755416,-2.8360633960971526,1.0662783819460697,0,0
shared-rest,200M-25912213,632953,rest,15,592751.6666666666,733696.9333333333,1067821544.1542412,-1.351309423406022,-3.6632601359462456,0.9606412891342018,0,0
shared-rest,200M-25912214,632762,rest,15,586926.4666666667,730888.0666666667,1078094166.7082202,-0.2117305866332401,-1.6802761487655307,1.2568149754990503,0,0
shared-rest,200M-25912215,664421,rest,15,592392.6666666666,732770.0,1121588833.5327132,0.013898875767048076,-1.9092917138583958,1.9370894653924922,0,0
shared-rest,200M-25912216,657888,rest,15,679308.9333333333,835667.6,968466580.840882,-0.7432669936634814,-2.8486624551388062,1.3621284678118433,0,0
shared-rest,200M-25912217,585424,rest,15,591732.4,728650.2,989339099.9039431,-1.2250023643536052,-3.2597277171186114,0.8097229884114008,0,0
shared-rest,200M-25912218,716398,rest,15,642833.1333333333,801761.8666666667,1114438511.1035037,-1.9338198322568207,-3.6165776206974396,-0.2510620438162017,0,0
shared-rest,200M-25912219,603952,rest,15,609509.1333333333,762889.8666666667,990882608.5953101,-1.3854879597002283,-3.5407610222472155,0.769785102846759,0,0
shared-rest,200M-25912220,687892,rest,15,644835.5333333333,813983.4,1066771237.6892382,-1.5819673405218349,-2.926102339813905,-0.2378323412297647,0,0
shared-rest,200M-25912221,665182,rest,15,630547.8666666667,786846.7333333333,1054927048.6258616,-0.5747797118928973,-1.7931663591107943,0.6436069353249995,0,0
shared-rest,200M-25912222,623267,rest,15,587917.0666666667,729870.8666666667,1060127414.7963727,-0.028610408236205576,-2.2322380657333696,2.175017249260958,0,0
shared-rest,200M-25912223,611845,rest,15,625092.4666666667,783821.6,978807188.7391167,0.827339165209804,-1.317046588314307,2.9717249187339148,0,0
shared-rest,200M-25912224,627082,rest,15,573950.0,707794.0,1092572523.7390018,-1.0370414579465852,-3.0627744867369078,0.9886915708437376,0,0
shared-rest,200M-25912225,610432,rest,15,543295.7333333333,678589.0,1123572232.4833279,-0.3679011014341531,-2.169455150055056,1.4336529471867498,0,0
shared-rest,200M-25912226,587580,rest,15,560949.2666666667,691761.1333333333,1047474406.1821871,-0.843623336969573,-3.202867592174713,1.5156209182355669,0,0
shared-rest,200M-25912227,618794,rest,15,556173.4,686231.3333333334,1112591864.3358347,1.346511695762876,-2.776950666287819,5.469974057813571,0,0
shared-rest,200M-25912228,734806,rest,15,694884.0,905918.6666666666,1057451315.6152681,0.6530155270561725,-1.170875980420346,2.4769070345326907,0,0
shared-rest,200M-25912229,731209,rest,15,692970.5333333333,861755.8,1055180508.8778186,0.44913528799496544,-0.8404517594222987,1.7387223354122296,0,0
shared-rest,200M-25912230,685609,rest,15,587842.5333333333,731079.5333333333,1166314040.109154,-0.1970385295403713,-1.6245203969974995,1.2304433379167568,0,0
shared-rest,200M-25912231,614847,rest,15,615147.8666666667,761470.0666666667,999510903.5030926,0.6139936432877772,-0.3080834979479492,1.5360707845235035,0,0
shared-rest,300M-25912202,844816,rest,15,815027.7333333333,1007450.3333333334,1036548776.7451023,0.5171985096082166,-0.8792120446856888,1.913609063902122,0,0
shared-rest,300M-25912203,923936,rest,15,823792.2,1021599.3333333334,1121564394.5159957,-0.736528918696279,-1.9051434241486436,0.43208558675608544,0,0
shared-rest,300M-25912204,860019,rest,15,1044421.3333333334,1274926.6,823440667.6232835,-0.5932025415260656,-1.8874510837523493,0.7010460007002182,0,0
shared-rest,300M-25912205,880070,rest,15,831587.1333333333,1017457.6666666666,1058301607.5204628,-0.20246085528628535,-1.7343430434291038,1.329421332856533,0,0
shared-rest,300M-25912206,935306,rest,15,838459.8,1037513.9333333333,1115504881.6890206,-1.0989040315899603,-3.5158487162170413,1.318040653037121,0,0
shared-rest,300M-25912207,857845,rest,15,904909.1333333333,1112480.2666666666,947990210.729814,-1.4647751581226813,-3.59541343112243,0.6658631148770671,0,0
shared-rest,300M-25912208,924392,rest,15,876809.8666666667,1076338.0,1054267333.3663824,-0.9794434290526489,-2.5006141917840914,0.5417273336787937,0,0
shared-rest,300M-25912209,970600,rest,15,937472.6666666666,1155640.8,1035336852.4877881,-2.464734204112687,-4.035985466277649,-0.8934829419477255,0,0
shared-rest,300M-25912210,915771,rest,15,872872.5333333333,1088971.6666666667,1049146312.9248043,-2.005244853505891,-3.7124322345285345,-0.29805747248324765,0,0
shared-rest,300M-25912211,958731,rest,15,926486.1333333333,1154015.1333333333,1034803399.108258,-1.206920443710977,-2.2870548556286643,-0.12678603179328962,0,0
shared-rest,300M-25912212,841414,rest,15,774378.5333333333,952109.5333333333,1086566793.6042993,-1.5902545774910362,-2.8897365412609775,-0.29077261372109464,0,0
shared-rest,300M-25912213,882874,rest,15,803013.8666666667,993450.8666666667,1099450503.4699275,-1.8110395177599818,-3.7491590173594984,0.12707998183953473,0,0
shared-rest,300M-25912214,863121,rest,15,777492.0666666667,957012.2666666667,1110134800.0892785,-0.5756934320842862,-1.705695081545275,0.5543082173767026,0,0
shared-rest,300M-25912215,874536,rest,15,810127.5333333333,1000015.8666666667,1079504107.707157,-1.6139641300444711,-2.7377174852481394,-0.4902107748408029,0,0
shared-rest,300M-25912216,918764,rest,15,841379.0666666667,1033887.5333333333,1091973922.8121197,-0.9137632010465061,-2.0448821138434448,0.21735571175043245,0,0
shared-rest,300M-25912217,893561,rest,15,839721.9333333333,1034050.0666666667,1064115351.2007824,-1.1483078166867844,-2.135182698621188,-0.16143293475238107,0,0
shared-rest,300M-25912218,897083,rest,15,894996.2666666667,1108903.6666666667,1002331555.3495046,-1.2975998678852092,-2.220478497500355,-0.3747212382700633,0,0
shared-rest,300M-25912219,864982,rest,15,829989.2666666667,1021428.6,1042160464.886333,-1.302205578737407,-2.532067987386176,-0.07234317008863766,0,0
shared-rest,300M-25912220,855922,rest,15,826679.0666666667,1022193.2,1035373985.5192494,-0.7969885144300408,-1.9631733764125254,0.3691963475524438,0,0
shared-rest,300M-25912221,838231,rest,15,840480.8,1041128.3333333334,997323198.8166772,-1.461563106049415,-2.7126359261661657,-0.2104902859326645,0,0
shared-rest,300M-25912222,883396,rest,15,822481.4,1015401.8,1074061978.7876053,-1.9791569712466228,-3.1497380795224004,-0.8085758629708453,0,0
shared-rest,300M-25912223,799048,rest,15,790133.3333333334,975271.4666666667,1011282483.9689504,0.2400963981115311,-3.5843370508188026,4.0645298470418645,0,0
shared-rest,300M-25912224,968500,rest,15,905636.2666666667,1128268.7333333334,1069413886.8408096,-0.3799112884069089,-1.894077442262608,1.1342548654487903,0,0
shared-rest,300M-25912225,929279,rest,15,903462.4,1103866.8,1028575179.2216256,-0.6208735723950066,-3.2196901702379335,1.9779430254479204,0,0
shared-rest,300M-25912226,850837,rest,15,774805.1333333333,967820.5333333333,1098130308.377754,-1.3463188392553864,-2.363700279664527,-0.3289373988462463,0,0
shared-rest,300M-25912227,934075,rest,15,840957.0,1033564.7333333333,1110728610.3807924,-0.3578289530617969,-2.4183172991886166,1.7026593930650227,0,0
shared-rest,300M-25912228,859214,rest,15,864137.0666666667,1066088.5333333334,994302909.9704553,0.026745554290935274,-2.201252078909634,2.254743187491505,0,0
shared-rest,300M-25912229,836897,rest,15,806654.1333333333,1006143.8,1037491739.5410773,-3.209812134044291,-5.776434298492294,-0.6431899695962882,0,0
shared-rest,300M-25912230,885901,rest,15,826472.3333333334,1030040.1333333333,1071906419.9366221,-0.8678613630717795,-2.667931501483989,0.9322087753404298,0,0
shared-rest,300M-25912231,876447,rest,15,839547.2666666667,1044647.0666666667,1043951942.6700532,-2.233699317037281,-4.050851651910728,-0.4165469821638341,0,0
shared-rest,scaled-2x,1689628,rest,15,1633697.1333333333,2089536.7333333334,1034235762.2630748,-1.7698442007864361,-3.5704818250030206,0.03079342343014857,0,0
shared-rest,scaled-4x,3379252,rest,15,3294892.6666666665,4124204.1333333333,1025603059.6039649,0.10769225027494962,-1.421425954785088,1.6368104553349871,0,0
shared-rest,scaled-accounts-1,28,rest,15,55.86666666666667,44.4,501193317.4224344,0.5512751769582347,-1.238207192699576,2.3407575466160453,0,0
shared-rest,scaled-accounts-1024,151840,rest,15,117501.2,139665.53333333333,1292242121.782586,-0.41226690007900585,-2.4416001813522135,1.6170663811942019,0,0
shared-rest,scaled-accounts-16,4209,rest,15,2337.9333333333334,2650.3333333333335,1800307964.2989535,-3.6729552491223814,-4.778357393568998,-2.567553104675765,0,0
shared-rest,scaled-accounts-256,73119,rest,15,44826.933333333334,51928.933333333334,1631139909.9350984,-0.5555810006817974,-2.9920005817778947,1.8808385804143,0,0
shared-rest,scaled-accounts-4,110,rest,15,158.33333333333334,146.0,694736842.1052631,-0.8402309827327695,-2.4892053819886732,0.8087434165231341,0,0
shared-rest,scaled-accounts-64,49159,rest,15,26748.333333333332,30973.066666666666,1837834132.9677863,-2.5996378607373014,-5.369913684662174,0.17063796318757074,0,0
shared-rest,shape-code-1048576,1033638,rest,15,19083.866666666665,19792.066666666666,54162922957.61167,-0.9288696055825473,-2.628706227671268,0.7709670165061734,0,0
shared-rest,shape-code-4096,4105,rest,15,117.93333333333334,115.66666666666667,34807801017.524025,-1.8623374586695518,-3.056830778374561,-0.6678441389645424,0,0
shared-rest,shape-code-4194304,4182616,rest,15,79591.66666666667,83659.46666666666,52550928698.56559,-0.08796159066997673,-2.0643092887843797,1.8883861074444264,0,0
shared-rest,shape-code-65536,48079,rest,15,561.8666666666667,585.2,85570123398.19649,0.7824838403731893,-1.3766330445538362,2.9416007253002148,0,0
shared-rest,shape-few-large-1048576,980764,rest,15,480053.6666666667,598779.6,2043029911.2390904,-4.098680779920778,-5.265819748103791,-2.9315418117377643,0,0
shared-rest,shape-few-large-4096,81734,rest,15,41033.8,49867.13333333333,1991870116.8305151,0.5780791084606702,-11.501654483638484,12.657812700559825,0,0
shared-rest,shape-few-large-4194304,4168234,rest,15,2912145.6666666665,3524148.8,1431327439.3210871,-2.027312529917977,-5.90363178578294,1.8490067259469867,0,0
shared-rest,shape-few-large-65536,81734,rest,15,39091.46666666667,47907.8,2090839944.608542,-2.645152765205598,-5.3954028118000235,0.10509728138882801,0,0
shared-rest,shape-many-small-1048576,1048564,rest,15,1643211.8666666667,1964700.6666666667,638118566.0051627,-5.97968450213403,-8.893715757393503,-3.0656532468745574,0,0
shared-rest,shape-many-small-4096,4083,rest,15,6514.4,7803.933333333333,626765319.9066683,-6.502992221580722,-7.94341124034935,-5.062573202812093,0,0
shared-rest,shape-many-small-4194304,4194304,rest,15,11418217.666666666,14145473.533333333,367334388.1194768,-4.020324191157124,-7.407343686259221,-0.6333046960550277,0,0
shared-rest,shape-many-small-65536,65523,rest,15,100403.33333333333,119813.06666666667,652597855.3168886,-8.038510163510576,-9.467556179497619,-6.609464147523534,0,0
shared-rest,shape-read-1048576,94978,rest,15,130860.8,132634.8,725794126.2776935,-1.4966613778284268,-5.525775224371671,2.5324524687148173,0,0
shared-rest,shape-read-4096,155,rest,15,536.4666666666667,532.5333333333333,288927550.63999003,1.443890567883473,-1.62326637243462,4.511047508201566,0,0
shared-rest,shape-read-4194304,442517,rest,15,543569.8666666667,540868.0666666667,814094060.6469723,-0.7382836297363743,-4.702911414439654,3.226344154966906,0,0
shared-rest,shape-read-65536,5605,rest,15,7814.466666666666,7825.8,717259441.8898283,0.1474329637848711,-1.0445375487318571,1.3394034763015992,0,0
shared-rest,shape-write-1048576,149061,rest,15,324308.4666666667,441162.26666666666,459627223.21773076,-0.6590679694165744,-3.548437191245432,2.2303012524122834,0,0
shared-rest,shape-write-4096,382,rest,15,1492.2,1900.2,255997855.51534647,0.6590322031943274,-8.416363615873802,9.734428022262456,0,0
shared-rest,shape-write-4194304,598451,rest,15,1281019.2,1757214.6666666667,467167861.3404077,-1.3011104887527207,-2.592921248504367,-0.009299729001074342,0,0
shared-rest,shape-write-65536,8628,rest,15,20328.466666666667,27341.333333333332,424429453.6069289,-1.4295837064284262,-3.384274364985984,0.5251069521291318,0,0
shared-header,200M-25912202,593177,baseline,15,593264.1333333333,726007.6,999853128.9379593,0.0,0.0,0.0,0,0
shared-header,200M-25912203,592785,baseline,15,571657.7333333333,708068.7333333333,1036957895.3187141,0.0,0.0,0.0,0,0
shared-header,200M-25912204,718592,baseline,15,699596.9333333333,863116.8666666667,1027151443.5836102,0.0,0.0,0.0,0,0
shared-header,200M-25912205,643689,baseline,15,589417.6,727415.0666666667,1092076313.9750154,0.0,0.0,0.0,0,0
shared-header,200M-25912206,603475,baseline,15,584579.4666666667,723480.7333333333,1032323292.9152945,0.0,0.0,0.0,0,0
shared-header,200M-25912207,595363,baseline,15,539795.0,671776.4666666667,1102942783.8346038,0.0,0.0,0.0,0,0
shared-header,200M-25912208,702247,baseline,15,676701.4666666667,855514.6666666666,1037750078.2718366,0.0,0.0,0.0,0,0
shared-header,200M-25912209,635819,baseline,15,606709.4666666667,755293.2666666667,1047979362.3350968,0.0,0.0,0.0,0,0
shared-header,200M-25912210,613528,baseline,15,554980.7333333333,686413.4666666667,1105494232.7727654,0.0,0.0,0.0,0,0
shared-header,200M-25912211,619844,baseline,15,578167.8666666667,720610.4666666667,1072083102.0471793,0.0,0.0,0.0,0,0
shared-header,200M-25912212,618805,baseline,15,609576.9333333333,755362.9333333333,1015138477.4620737,0.0,0.0,0.0,0,0
shared-header,200M-25912213,632953,baseline,15,597327.1333333333,729221.6,1059642136.9105729,0.0,0.0,0.0,0,0
shared-header,200M-25912214,632762,baseline,15,589660.4666666667,729101.5333333333,1073095511.3490735,0.0,0.0,0.0,0,0
shared-header,200M-25912215,664421,baseline,15,594568.0,734296.8666666667,1117485300.2516112,0.0,0.0,0.0,0,0
shared-header,200M-25912216,657888,baseline,15,694766.0,849253.9333333333,946920258.0437155,0.0,0.0,0.0,0,0
shared-header,200M-25912217,585424,baseline,15,597502.8666666667,740346.4666666667,979784420.5601021,0.0,0.0,0.0,0,0
shared-header,200M-25912218,716398,baseline,15,656783.8,811038.6,1090766855.0899093,0.0,0.0,0.0,0,0
shared-header,200M-25912219,603952,baseline,15,622516.6,783202.2,970178144.6470665,0.0,0.0,0.0,0,0
shared-header,200M-25912220,687892,baseline,15,653990.2,815116.4,1051838391.4621351,0.0,0.0,0.0,0,0
shared-header,200M-25912221,665182,baseline,15,636164.9333333333,794322.9333333333,1045612490.0104522,0.0,0.0,0.0,0,0
shared-header,200M-25912222,623267,baseline,15,596253.1333333333,734761.2666666667,1045306037.2457023,0.0,0.0,0.0,0,0
shared-header,200M-25912223,611845,baseline,15,650431.1333333333,824851.4,940676066.4490538,0.0,0.0,0.0,0,0
shared-header,200M-25912224,627082,baseline,15,597932.7333333333,733306.7333333333,1048750076.7923617,0.0,0.0,0.0,0,0
shared-header,200M-25912225,610432,baseline,15,560550.1333333333,694098.4,1088987342.4345512,0.0,0.0,0.0,0,0
shared-header,200M-25912226,587580,baseline,15,575858.4,708175.6666666666,1020355003.9384682,0.0,0.0,0.0,0,0
shared-header,200M-25912227,618794,baseline,15,552855.6666666666,683120.0,1119268621.6474824,0.0,0.0,0.0,0,0
shared-header,200M-25912228,734806,baseline,15,696056.8666666667,890500.6666666666,1055669493.6706799,0.0,0.0,0.0,0,0
shared-header,200M-25912229,731209,baseline,15,695068.0666666667,847392.0,1051996250.5350795,0.0,0.0,0.0,0,0
shared-header,200M-25912230,685609,baseline,15,593993.7333333333,728684.3333333334,1154236082.849808,0.0,0.0,0.0,0,0
shared-header,200M-25912231,614847,baseline,15,625183.5333333333,762312.7333333333,983466401.8128864,0.0,0.0,0.0,0,0
shared-header,300M-25912202,844816,baseline,15,829307.2666666667,1035682.8666666667,1018700828.9408453,0.0,0.0,0.0,0,0
shared-header,300M-25912203,923936,baseline,15,843106.3333333334,1052579.6,1095871260.2087755,0.0,0.0,0.0,0,0
shared-header,300M-25912204,860019,baseline,15,1058551.8,1272723.1333333333,812448668.0765173,0.0,0.0,0.0,0,0
shared-header,300M-25912205,880070,baseline,15,845213.2666666667,1045708.2,1041240163.5279584,0.0,0.0,0.0,0,0
shared-header,300M-25912206,935306,baseline,15,843781.5333333333,1040485.6,1108469388.1662734,0.0,0.0,0.0,0,0
shared-header,300M-25912207,857845,baseline,15,913035.4666666667,1124278.8666666667,939552768.0122247,0.0,0.0,0.0,0,0
shared-header,300M-25912208,924392,baseline,15,894845.9333333333,1083758.0,1033018048.7680225,0.0,0.0,0.0,0,0
shared-header,300M-25912209,970600,baseline,15,956528.0666666667,1164927.6666666667,1014711469.3480679,0.0,0.0,0.0,0,0
shared-header,300M-25912210,915771,baseline,15,885045.8666666667,1102856.2,1034715865.5732192,0.0,0.0,0.0,0,0
shared-header,300M-25912211,958731,baseline,15,943338.4,1170359.1333333333,1016317156.176405,0.0,0.0,0.0,0,0
shared-header,300M-25912212,841414,baseline,15,787325.6666666666,962083.4666666667,1068698806.1272401,0.0,0.0,0.0,0,0
shared-header,300M-25912213,882874,baseline,15,808865.0666666667,1003654.9333333333,1091497255.0839958,0.0,0.0,0.0,0,0
shared-header,300M-25912214,863121,baseline,15,784117.8666666667,961868.6666666666,1100754155.3276684,0.0,0.0,0.0,0,0
shared-header,300M-25912215,874536,baseline,15,821757.8,1006109.2,1064225979.9663599,0.0,0.0,0.0,0,0
shared-header,300M-25912216,918764,baseline,15,847633.4666666667,1038542.7333333333,1083916617.4184408,0.0,0.0,0.0,0,0
shared-header,300M-25912217,893561,baseline,15,846977.0,1038393.1333333333,1055000312.8774453,0.0,0.0,0.0,0,0
shared-header,300M-25912218,897083,baseline,15,906261.4,1122411.6,989872237.745092,0.0,0.0,0.0,0,0
shared-header,300M-25912219,864982,baseline,15,852578.1333333333,1038902.4666666667,1014548656.811278,0.0,0.0,0.0,0,0
shared-header,300M-25912220,855922,baseline,15,836685.8666666667,1025611.3333333334,1022990866.8231359,0.0,0.0,0.0,0,0
shared-header,300M-25912221,838231,baseline,15,866101.9333333333,1053313.2666666666,967820261.956849,0.0,0.0,0.0,0,0
shared-header,300M-25912222,883396,baseline,15,834552.0,1024888.0,1058527209.8083762,0.0,0.0,0.0,0,0
shared-header,300M-25912223,799048,baseline,15,786441.9333333333,962700.1333333333,1016029240.2176927,0.0,0.0,0.0,0,0
shared-header,300M-25912224,968500,baseline,15,912596.8,1115265.8,1061257282.515126,0.0,0.0,0.0,0,0
shared-header,300M-25912225,929279,baseline,15,905183.3333333334,1108076.3333333333,1026619653.4771961,0.0,0.0,0.0,0,0
shared-header,300M-25912226,850837,baseline,15,793883.8,975596.9333333333,1071739970.0056859,0.0,0.0,0.0,0,0
shared-header,300M-25912227,934075,baseline,15,853099.8666666667,1037800.2666666667,1094918703.5390463,0.0,0.0,0.0,0,0
shared-header,300M-25912228,859214,baseline,15,860844.8666666667,1060737.2,998105504.5690385,0.0,0.0,0.0,0,0
shared-header,300M-25912229,836897,baseline,15,817808.0,999457.8,1023341664.5471798,0.0,0.0,0.0,0,0
shared-header,300M-25912230,885901,baseline,15,831927.6,1043871.0666666667,1064877520.5919361,0.0,0.0,0.0,0,0
shared-header,300M-25912231,876447,baseline,15,842644.7333333333,1054868.6,1040114493.4864208,0.0,0.0,0.0,0,0
shared-header,scaled-2x,1689628,baseline,15,1652604.1333333333,2147711.8666666667,1022403348.7027464,0.0,0.0,0.0,0,0
shared-header,scaled-4x,3379252,baseline,15,3298683.6,4045808.1333333333,1024424409.7857703,0.0,0.0,0.0,0,0
shared-header,scaled-accounts-1,28,baseline,15,55.8,44.4,501792114.6953405,0.0,0.0,0.0,0,0
shared-header,scaled-accounts-1024,151840,baseline,15,117717.8,139714.2,1289864404.5335538,0.0,0.0,0.0,0,0
shared-header,scaled-accounts-16,4209,baseline,15,2439.266666666667,2781.866666666667,1725518598.4858835,0.0,0.0,0.0,0,0
shared-header,scaled-accounts-256,73119,baseline,15,45050.666666666664,52095.86666666667,1623039244.7022612,0.0,0.0,0.0,0,0
shared-header,scaled-accounts-4,110,baseline,15,159.13333333333333,149.86666666666667,691244239.6313365,0.0,0.0,0.0,0,0
shared-header,scaled-accounts-64,49159,baseline,15,27250.666666666668,31613.133333333335,1803955866.523143,0.0,0.0,0.0,0,0
shared-header,shape-code-1048576,1033638,baseline,15,19318.2,20152.266666666666,53505916700.31369,0.0,0.0,0.0,0,0
shared-header,shape-code-4096,4105,baseline,15,120.46666666666667,118.13333333333334,34075816270.060875,0.0,0.0,0.0,0,0
shared-header,shape-code-4194304,4182616,baseline,15,80572.66666666667,82949.26666666666,51911103020.875565,0.0,0.0,0.0,0,0
shared-header,shape-code-65536,48079,baseline,15,556.3333333333334,581.4666666666667,86421210305.57219,0.0,0.0,0.0,0,0
shared-header,shape-few-large-1048576,980764,baseline,15,499931.5333333333,607342.6666666666,1961796635.352601,0.0,0.0,0.0,0,0
shared-header,shape-few-large-4096,81734,baseline,15,40330.0,49105.6,2026630300.0247955,0.0,0.0,0.0,0,0
shared-header,shape-few-large-4194304,4168234,baseline,15,3004720.2666666666,3540820.1333333333,1387228636.9686239,0.0,0.0,0.0,0,0
shared-header,shape-few-large-65536,81734,baseline,15,39959.13333333333,49020.86666666667,2045439757.6190343,0.0,0.0,0.0,0,0
shared-header,shape-many-small-1048576,1048564,baseline,15,1742595.7333333334,2088206.4666666666,601725334.1911086,0.0,0.0,0.0,0,0
shared-header,shape-many-small-4096,4083,baseline,15,6966.133333333333,8224.866666666667,586121425.5636796,0.0,0.0,0.0,0,0
shared-header,shape-many-small-4194304,4194304,baseline,15,11859351.933333334,14321873.066666666,353670590.39802843,0.0,0.0,0.0,0,0
shared-header,shape-many-small-65536,65523,baseline,15,108725.33333333333,126975.8,602647037.1823801,0.0,0.0,0.0,0,0
shared-header,shape-read-1048576,94978,baseline,15,128983.86666666667,130118.93333333333,736355657.9169074,0.0,0.0,0.0,0,0
shared-header,shape-read-4096,155,baseline,15,526.2,518.0,294564804.2569365,0.0,0.0,0.0,0,0
shared-header,shape-read-4194304,442517,baseline,15,534894.0666666667,536593.6666666666,827298389.6749151,0.0,0.0,0.0,0,0
shared-header,shape-read-65536,5605,baseline,15,7782.866666666667,7742.8,720171659.1144651,0.0,0.0,0.0,0,0
shared-header,shape-write-1048576,149061,baseline,15,324120.73333333334,435646.3333333333,459893442.99891543,0.0,0.0,0.0,0,0
shared-header,shape-write-4096,382,baseline,15,1480.8666666666666,1907.9333333333334,257957052.17665333,0.0,0.0,0.0,0,0
shared-header,shape-write-4194304,598451,baseline,15,1304056.8666666667,1761945.8,458914802.94852173,0.0,0.0,0.0,0,0
shared-header,shape-write-65536,8628,baseline,15,20624.866666666665,27776.4,418329977.08268017,0.0,0.0,0.0,0,0
shared-header,200M-25912202,593177,header,15,609055.9333333333,749478.8666666667,973928612.358427,2.705999950796605,-1.858372945257551,7.27037284685076,0,0
shared-header,200M-25912203,592785,header,15,592114.7333333333,752176.8666666667,1001131987.8208289,3.5681689529862193,-0.9398859923882088,8.076223898360647,0,0
shared-header,200M-25912204,718592,header,15,714099.6,877072.4,1006290999.1827471,2.087598951976324,-0.22323610016421425,4.3984340041168615,0,0
shared-header,200M-25912205,643689,header,15,608048.7333333333,759001.1333333333,1058614161.5184134,3.1745498629456885,0.05917557585702271,6.289924150034354,0,0
shared-header,200M-25912206,603475,header,15,593318.2666666667,737339.4,1017118524.582759,1.508634460731777,-0.2993417889689749,3.3166107104325286,0,0
shared-header,200M-25912207,595363,header,15,559784.5333333333,690519.7333333333,1063557430.668562,3.761421619271511,-0.6347541039258457,8.157597342468868,0,0
shared-header,200M-25912208,702247,header,15,684778.8,857251.3333333334,1025509259.3403884,1.1994195313691132,-0.5402180532109129,2.939057115949139,0,0
shared-header,200M-25912209,635819,header,15,617845.8,770498.5333333333,1029090106.3016046,1.8482704228846139,0.057672922352909994,3.638867923416318,0,0
shared-header,200M-25912210,613528,header,15,568118.4,695715.9333333333,1079929817.446504,2.3756037292741103,0.13578870877619886,4.615418749772022,0,0
shared-header,200M-25912211,619844,header,15,595022.4666666667,738273.6666666666,1041715287.6132296,2.9519744900762657,0.18579766554183497,5.718151314610696,0,0
shared-header,200M-25912212,618805,header,15,618598.8,762642.0666666667,1000333333.9799559,1.5461571346067966,-1.2736583989297807,4.365972668143374,0,0
shared-header,200M-25912213,632953,header,15,611620.5333333333,757192.2666666667,1034878597.9280399,2.4309967384398647,-0.171128048653022,5.033121525532751,0,0
shared-header,200M-25912214,632762,header,15,603927.8,742304.2,1047744448.9225367,2.4707564336941448,-0.36485451957583726,5.306367386964126,0,0
shared-header,200M-25912215,664421,header,15,607216.2,749567.0,1094208290.226776,2.1674353581031878,-0.8006926332062672,5.135563349412642,0,0
shared-header,200M-25912216,657888,header,15,695593.8666666667,857895.2666666667,945793273.2395186,0.35159246236678027,-3.065885691278116,3.769070616011676,0,0
shared-header,200M-25912217,585424,header,15,607733.4666666667,744818.9333333333,963290705.7282348,1.7692619992800356,-0.8855254673964412,4.424049465956513,0,0
shared-header,200M-25912218,716398,header,15,667986.8,823422.4,1072473288.3943214,1.7924153648534775,-1.051551447121186,4.636382176828141,0,0
shared-header,200M-25912219,603952,header,15,626870.1333333333,779854.2666666667,963440380.8465593,0.8568178562718549,-2.022302708375171,3.73593842091888,0,0
shared-header,200M-25912220,687892,header,15,672649.9333333333,837246.6,1022659731.1786448,2.8721931133869782,0.5839753608026688,5.160410865971288,0,0
shared-header,200M-25912221,665182,header,15,649497.1333333333,805077.4666666667,1024149246.9507436,2.109071685841555,-0.22813192629100643,4.4462752979741165,0,0
shared-header,200M-25912222,623267,header,15,604112.6,748611.8,1031706671.9018939,1.460385114326627,-1.6800041912458574,4.600774419899111,0,0
shared-header,200M-25912223,611845,header,15,635275.2,807090.2666666667,963118031.3665637,-0.7044075005571144,-7.205653985122479,5.796838984008249,0,0
shared-header,200M-25912224,627082,header,15,593736.6,724679.6,1056161941.170546,0.29082846313236804,-5.423553167299628,6.005210093564365,0,0
shared-header,200M-25912225,610432,header,15,560307.7333333333,696792.4,1089458459.4941638,0.503398568764833,-4.014463820231701,5.021260957761368,0,0
shared-header,200M-25912226,587580,header,15,575666.6666666666,705587.7333333333,1020694846.5547192,0.4903241841401375,-3.8435319257186555,4.82418029399893,0,0
shared-header,200M-25912227,618794,header,15,564014.8,698348.2666666667,1097123692.4988492,2.094920120963645,-1.0037303438214455,5.193570585748736,0,0
shared-header,200M-25912228,734806,header,15,708922.2666666667,916680.6666666666,1036511384.3229073,1.8612930676705766,-0.43409452509901314,4.156680660440166,0,0
shared-header,200M-25912229,731209,header,15,729974.6,877955.0666666667,1001691017.7422612,4.985971271818317,0.3389558477354324,9.632986695901202,0,0
shared-header,200M-25912230,685609,header,15,605113.4,741812.4666666667,1133025644.4494536,1.9520746573087595,-1.3217247640372616,5.225874078654781,0,0
shared-header,200M-25912231,614847,header,15,631288.0,774461.3333333334,973956419.2571378,1.2511390716972988,-2.5786044228909173,5.080882566285514,0,0
shared-header,300M-25912202,844816,header,15,831156.1333333333,1020750.0,1016434778.1588088,0.5206572059958803,-3.058916418165889,4.100230830157649,0,0
shared-header,300M-25912203,923936,header,15,854817.5333333333,1056592.2666666666,1080857567.809988,1.5928353673090585,-1.9757716653328694,5.161442399950986,0,0
shared-header,300M-25912204,860019,header,15,1085465.0,1292756.0666666667,792304680.4825581,2.6265080163091,-1.030308936030528,6.283324968648728,0,0
shared-header,300M-25912205,880070,header,15,854591.5333333333,1035410.7333333333,1029813619.3407954,1.338068765697075,-1.904613335682844,4.580750867076993,0,0
shared-header,300M-25912206,935306,header,15,864964.9333333333,1062753.2,1081322448.9871418,2.5552092036941456,0.02365695910742671,5.086761448280864,0,0
shared-header,300M-25912207,857845,header,15,929790.6666666666,1136849.3333333333,922621651.0382982,1.8547814872371553,0.15744575973726938,3.5521172147370415,0,0
shared-header,300M-25912208,924392,header,15,909033.4,1099726.8,1016895528.8111526,1.6959052182623013,-1.0379913176813367,4.42980175420594,0,0
shared-header,300M-25912209,970600,header,15,976025.6666666666,1207416.9333333333,994441061.4884787,2.059550939453476,0.3178868299980182,3.801215048908934,0,0
shared-header,300M-25912210,915771,header,15,910112.4,1127476.3333333333,1006217473.7977419,2.8410743940507177,1.1212716912046623,4.560877096896773,0,0
shared-header,300M-25912211,958731,header,15,964202.6,1186139.4666666666,994325259.0275115,2.2375217778206338,0.33182189541290574,4.143221660228361,0,0
shared-header,300M-25912212,841414,header,15,808194.1333333333,985713.6666666666,1041103820.6001991,2.7014851493571936,-0.09410098169913717,5.497071280413524,0,0
shared-header,300M-25912213,882874,header,15,830194.7333333333,1021254.4666666667,1063454108.4778423,2.6620597264010093,0.4066523314579329,4.917467121344085,0,0
shared-header,300M-25912214,863121,header,15,809942.6,1007133.3333333334,1065656998.4095169,3.3150132378918813,0.3608712553843101,6.269155220399453,0,0
shared-header,300M-25912215,874536,header,15,844116.9333333333,1032529.3333333334,1036036555.440897,2.7407960423310693,0.43068597760492233,5.050906107057216,0,0
shared-header,300M-25912216,918764,header,15,888150.6666666666,1076351.0,1034468626.1940542,4.805459908080807,1.8587622161991333,7.75215759996248,0,0
shared-header,300M-25912217,893561,header,15,868147.0,1064686.4666666666,1029273844.1761591,2.501756494706011,0.5745155778596369,4.428997411552386,0,0
shared-header,300M-25912218,897083,header,15,926054.8,1129946.8,968714810.3978295,2.188199211609235,0.41917270385334304,3.957225719365127,0,0
shared-header,300M-25912219,864982,header,15,858710.2666666667,1051897.4666666666,1007303666.4132116,0.8945031707090283,-1.654441442726909,3.4434477841449658,0,0
shared-header,300M-25912220,855922,header,15,870953.5333333333,1058353.8,982741291.2881767,4.194401503794606,-1.1872789146897453,9.576081922278957,0,0
shared-header,300M-25912221,838231,header,15,868345.5333333333,1064749.4666666666,965319642.725941,0.7765993132627365,-3.4236503089560966,4.97684893548157,0,0
shared-header,300M-25912222,883396,header,15,861632.2,1039773.0,1025258805.3231994,3.266773798995397,1.226501389172157,5.307046208818637,0,0
shared-header,300M-25912223,799048,header,15,824362.2,1000366.7333333333,969292381.431366,4.697342608910005,-0.45397405060727003,9.84865926842728,0,0
shared-header,300M-25912224,968500,header,15,938164.2,1143063.6,1032335277.7690729,2.8372741917589517,0.27438779923124335,5.40016058428666,0,0
shared-header,300M-25912225,929279,header,15,924172.3333333334,1126824.6,1005525664.9463285,2.096176855612107,0.5595532950594679,3.6328004161647467,0,0
shared-header,300M-25912226,850837,header,15,805795.8666666667,991312.2,1055896456.1578789,1.5648418731907268,-1.0817991935331732,4.211482939914626,0,0
shared-header,300M-25912227,934075,header,15,859132.2666666667,1054800.2666666666,1087230728.3069491,0.8456810089744431,-1.9715180637768601,3.6628800817257465,0,0
shared-header,300M-25912228,859214,header,15,874464.0,1079981.7333333334,982560745.7825594,1.5988412877322749,-0.20948002024577872,3.4071625957103286,0,0
shared-header,300M-25912229,836897,header,15,832389.8666666667,1018507.2666666667,1005414690.2957652,1.8202202399992808,-0.2613855214755909,3.9018260014741526,0,0
shared-header,300M-25912230,885901,header,15,854266.8666666667,1047967.3333333334,1037030738.9501938,2.7232549534138957,-0.45898866284480055,5.9054985696725915,0,0
shared-header,300M-25912231,876447,header,15,859373.6,1059410.1333333333,1019867261.4564842,1.9527588392094846,-0.6896745041398675,4.595192182558836,0,0
shared-header,scaled-2x,1689628,header,15,1677692.8,2137446.1333333333,1007114055.6840918,1.576330080853899,-0.7293637414931837,3.882023903200982,0,0
shared-header,scaled-4x,3379252,header,15,3373300.8666666667,4173470.1333333333,1001764186.939902,2.352482493638396,-0.6185069381083301,5.323471925385123,0,0
shared-header,scaled-accounts-1,28,header,15,57.333333333333336,45.0,488372093.02325577,2.799274179363795,-0.5632922535597662,6.161840612287357,0,0
shared-header,scaled-accounts-1024,151840,header,15,119368.8,141802.66666666666,1272024180.5228837,1.437287346871076,-0.9814736965838138,3.8560483903259657,0,0
shared-header,scaled-accounts-16,4209,header,15,2486.2,2789.4,1692945056.713056,1.9542513620006976,-3.9514968391074166,7.859999563108811,0,0
shared-header,scaled-accounts-256,73119,header,15,45589.86666666667,52624.2,1603843251.7167556,1.2691829091200568,-1.9768338064337265,4.515199624673841,0,0
shared-header,scaled-accounts-4,110,header,15,155.86666666666667,146.13333333333333,705731394.3541489,-2.0456662774185133,-2.8455198359387164,-1.2458127188983101,0,0
shared-header,scaled-accounts-64,49159,header,15,27631.733333333334,32084.666666666668,1779077678.8040802,1.5320679720885984,-2.2781484990637573,5.3422844432409535,0,0
shared-header,shape-code-1048576,1033638,header,15,19712.266666666666,20561.066666666666,52436283329.50041,2.1455389929177016,-1.818555491592548,6.109633477427951,0,0
shared-header,shape-code-4096,4105,header,15,121.53333333333333,115.8,33776741634.66813,0.96017770043148,-3.376081326781189,5.296436727644148,0,0
shared-header,shape-code-4194304,4182616,header,15,78937.4,82003.66666666667,52986493094.528076,-1.9172525080751024,-4.287468670331572,0.45296365418136775,0,0
shared-header,shape-code-65536,48079,header,15,554.1333333333333,587.9333333333333,86764316650.62561,-0.37413462844857026,-1.6326157979114457,0.8843465410143052,0,0
shared-header,shape-few-large-1048576,980764,header,15,509813.86666666664,646093.4666666667,1923768779.402888,2.0527494103645085,-2.8247550437605464,6.930253864489563,0,0
shared-header,shape-few-large-4096,81734,header,15,42502.066666666666,50856.13333333333,1923059427.698418,5.4799311855402895,-3.4070013803544654,14.366863751435044,0,0
shared-header,shape-few-large-4194304,4168234,header,15,3001535.466666667,3600547.3333333335,1388700565.5238855,0.06008655986852031,-3.8940080619243793,4.01418118166142,0,0
shared-header,shape-few-large-65536,81734,header,15,40574.066666666666,49811.46666666667,2014439436.6845162,1.5653699385118638,-3.011717878049024,6.142457755072751,0,0
shared-header,shape-many-small-1048576,1048564,header,15,1618917.7333333334,1943000.9333333333,647694430.9214641,-7.057378505653646,-8.468475922925732,-5.64628108838156,0,0
shared-header,shape-many-small-4096,4083,header,15,6490.666666666667,7927.333333333333,629057107.641742,-6.776623615626008,-8.318157295328014,-5.235089935924001,0,0
shared-header,shape-many-small-4194304,4194304,header,15,11245105.933333334,13887088.0,372989283.0593106,-5.101504379688265,-7.124512002923382,-3.0784967564531485,0,0
shared-header,shape-many-small-65536,65523,header,15,101549.2,119135.06666666667,645234034.3400047,-6.553459467376534,-8.815323881733459,-4.291595053019609,0,0
shared-header,shape-read-1048576,94978,header,15,129189.53333333334,129675.4,735183397.2101971,0.16609454003602067,-0.5396823220583188,0.8718714021303601,0,0
shared-header,shape-read-4096,155,header,15,530.5333333333333,524.8666666666667,292158833.87785876,0.8709377467914033,-1.2618271539500037,3.0037026475328106,0,0
shared-header,shape-read-4194304,442517,header,15,537295.2666666667,542321.3333333334,823601150.9003925,0.4555067513905309,-0.8779071306978443,1.788920633478906,0,0
shared-header,shape-read-65536,5605,header,15,7993.8,7838.466666666666,701168405.5142735,2.655542219656369,-2.5734106662801857,7.884495105592924,0,0
shared-header,shape-write-1048576,149061,header,15,317350.93333333335,436138.26666666666,469703991.20721036,-2.080188746029735,-3.5589557197356974,-0.6014217723237727,0,0
shared-header,shape-write-4096,382,header,15,1518.0666666666666,1901.3333333333333,251635852.61955997,2.54478017726114,0.22918408201546248,4.860376272506818,0,0
shared-header,shape-write-4194304,598451,header,15,1268943.7333333334,1764912.2666666666,471613503.6405081,-2.681059202734728,-3.8746913893121446,-1.487427016157311,0,0
shared-header,shape-write-65536,8628,header,15,20957.066666666666,28280.0,411698838.25980735,1.6531083887948133,-8.336732474031686,11.642949251621312,0,0
